city,radius_m,population_scale_factor_vs_500m,par_total_baseline,par_total_nbs,delta_par_total,relative_par_reduction_pct,par_age65_baseline,par_age65_nbs,delta_par_age65,relative_par_age65_reduction_pct,data_status,maup_inference
Antwerp,250,0.28,5649.448000000001,2709.9520000000007,2939.4960000000005,52.031561313600896,1095.976,525.8120000000001,570.164,52.02340197230596,area_scaled_proxy_not_grid_derived,not_estimable_without_actual_population_grid
Antwerp,500,1.0,20176.600000000002,9678.400000000001,10498.2,52.031561313600896,3914.2,1877.9,2036.2999999999997,52.023401972305955,observed_500m_station_buffer,not_estimable_without_actual_population_grid
Antwerp,1000,3.65,73644.59000000001,35326.16,38318.43000000001,52.03156131360091,14286.829999999998,6854.335,7432.494999999998,52.023401972305955,area_scaled_proxy_not_grid_derived,not_estimable_without_actual_population_grid
Athens,250,0.28,16467.472,7501.06,8966.412,54.449231794655546,3754.8560000000007,1710.296,2044.5600000000006,54.45108946921001,area_scaled_proxy_not_grid_derived,not_estimable_without_actual_population_grid
Athens,500,1.0,58812.4,26789.5,32022.9,54.449231794655546,13410.2,6108.2,7302.000000000001,54.45108946921001,observed_500m_station_buffer,not_estimable_without_actual_population_grid
Athens,1000,3.65,214665.26,97781.675,116883.585,54.449231794655546,48947.23,22294.93,26652.300000000003,54.45108946921001,area_scaled_proxy_not_grid_derived,not_estimable_without_actual_population_grid
Coimbra,250,0.28,4726.848,2511.1240000000003,2215.7239999999997,46.87529618045682,1110.592,590.016,520.5760000000001,46.87373941105285,area_scaled_proxy_not_grid_derived,not_estimable_without_actual_population_grid
Coimbra,500,1.0,16881.6,8968.3,7913.299999999999,46.87529618045683,3966.4,2107.2,1859.2000000000003,46.87373941105285,observed_500m_station_buffer,not_estimable_without_actual_population_grid
Coimbra,1000,3.65,61617.84,32734.295,28883.545,46.87529618045683,14477.36,7691.279999999999,6786.080000000002,46.87373941105286,area_scaled_proxy_not_grid_derived,not_estimable_without_actual_population_grid
Milan,250,0.28,19204.696000000004,10172.428,9032.268000000004,47.03155936443879,4628.624,2451.652,2176.9719999999998,47.03281147917826,area_scaled_proxy_not_grid_derived,not_estimable_without_actual_population_grid
Milan,500,1.0,68588.20000000001,36330.1,32258.100000000013,47.03155936443879,16530.8,8755.9,7774.9,47.032811479178264,observed_500m_station_buffer,not_estimable_without_actual_population_grid
Milan,1000,3.65,250346.93000000002,132604.865,117742.06500000003,47.03155936443879,60337.42,31959.034999999996,28378.385000000002,47.032811479178264,area_scaled_proxy_not_grid_derived,not_estimable_without_actual_population_grid
Toulouse,250,0.28,11381.048,7153.580000000001,4227.468,37.14480423946898,1957.732,1230.5720000000001,727.1599999999999,37.14297973369184,area_scaled_proxy_not_grid_derived,not_estimable_without_actual_population_grid
Toulouse,500,1.0,40646.6,25548.5,15098.099999999999,37.14480423946898,6991.9,4394.9,2597.0,37.142979733691845,observed_500m_station_buffer,not_estimable_without_actual_population_grid
Toulouse,1000,3.65,148360.09,93252.025,55108.065,37.14480423946898,25520.434999999998,16041.384999999998,9479.05,37.142979733691845,area_scaled_proxy_not_grid_derived,not_estimable_without_actual_population_grid
