model,held_out_city,n,roc_auc,pr_auc,brier,f1_at_0_5,r2,rmse,mae
Topology-aware cross-sectional Stream-GAT,Antwerp,17,0.9714285714285715,0.980909090909091,0.12402300536632538,0.8888888888888888,0.8758027351284623,4.340373299242145,3.7602110924307173
Topology-free MLP,Antwerp,17,0.9285714285714285,0.9558119658119658,0.1670795977115631,0.8235294117647058,0.7864808915394766,5.691011209136739,4.096035257205541
Topology-aware cross-sectional Stream-GAT,Athens,17,1.0,1.0,0.07150880992412567,0.9333333333333333,0.560510374104662,6.78666174965183,5.373867625668023
Topology-free MLP,Athens,17,0.9285714285714286,0.985969387755102,0.11764533072710037,0.9333333333333333,0.6111376840777496,6.383808040854366,5.247227869653628
Topology-aware cross-sectional Stream-GAT,Coimbra,17,0.7428571428571429,0.767156862745098,0.2611658275127411,0.7058823529411765,0.7031362480652372,6.4496683826796914,5.285865915395191
Topology-free MLP,Coimbra,17,0.7571428571428571,0.7642857142857142,0.4101863205432892,0.631578947368421,0.7679259167463339,5.702589646154605,4.367425236600287
Topology-aware cross-sectional Stream-GAT,Milan,17,0.9761904761904763,0.9952380952380953,0.10665889829397202,0.9230769230769231,0.7414224307567556,6.63927764031965,5.46105543110201
Topology-free MLP,Milan,17,0.9523809523809524,0.9901360544217688,0.22858965396881104,0.8333333333333334,0.8372541462902656,5.267206830909237,4.404214863895231
Topology-aware cross-sectional Stream-GAT,Toulouse,17,0.5208333333333333,0.5406050739384073,0.4651294946670532,0.6,0.9097135654130621,5.1054019996567535,3.9300599618867333
Topology-free MLP,Toulouse,17,0.875,0.9161255411255411,0.18583394587039948,0.7368421052631579,0.9182564360420362,4.857865395545838,3.9512884939496073
