model,held_out_city,n,roc_auc,pr_auc,f1_at_0_5,brier,r2,rmse,mae
ElasticNet,Antwerp,17,0.9714285714285715,0.9809090909090908,0.8235294117647058,0.13282614630587308,0.8897444099586479,4.089510957456474,3.470846945607702
RandomForest,Antwerp,17,0.9714285714285715,0.9809090909090908,0.8888888888888888,0.12578638357209548,0.9237637806255843,3.4005701857004857,2.6210483921568666
XGBoost,Antwerp,17,0.9285714285714286,0.9430122655122654,0.7777777777777778,0.13593964278697968,0.8807005346367668,4.253929773267957,3.567293503705193
LightGBM,Antwerp,17,0.9,0.932651515151515,0.7368421052631579,0.1507709670453794,0.9087067602305239,3.721263104137986,3.0072140942299574
CatBoost,Antwerp,17,0.9857142857142858,0.9909090909090909,0.75,0.12287849518437982,0.8908043594759336,4.069806090492509,3.4670084074136582
Non-negative Ridge Super Learner,Antwerp,17,0.9571428571428572,0.9697979797979798,0.8235294117647058,0.12289487162132572,0.9078646376987584,3.7383868578579795,3.133451923823767
ElasticNet,Athens,17,0.880952380952381,0.9745225013082156,0.9333333333333333,0.08926921691831946,0.8220189301717129,4.318856723639665,3.443682136835612
RandomForest,Athens,17,0.8333333333333333,0.965391156462585,0.8571428571428571,0.11699163853689622,0.8362165019035582,4.143019348734191,3.2935449088362634
XGBoost,Athens,17,0.8095238095238095,0.9529496297353439,0.896551724137931,0.10394436866044998,0.7755081468272517,4.850451682992694,3.6599917423023904
LightGBM,Athens,17,0.8571428571428572,0.9650528043385186,0.9333333333333333,0.0965214388096699,0.8381938692409006,4.117933952255465,3.4462294241180134
CatBoost,Athens,17,0.880952380952381,0.9721956614813758,0.8888888888888888,0.10333632856805687,0.8074757140817058,4.491843854337323,3.417441617717652
Non-negative Ridge Super Learner,Athens,17,0.9047619047619049,0.9786891679748823,0.9333333333333333,0.09655448148695493,0.8329625088726919,4.183972962989135,3.1244725181185866
ElasticNet,Coimbra,17,0.7999999999999999,0.8142857142857143,0.631578947368421,0.2316524594107983,0.842716899879342,4.694613353954551,3.9301367178806164
RandomForest,Coimbra,17,0.7714285714285715,0.8,0.6666666666666666,0.2066191677524343,0.8624382249331668,4.390436346631554,3.5946828275188856
XGBoost,Coimbra,17,0.7428571428571428,0.7921568627450981,0.625,0.26095303893089294,0.892266871343392,3.8853794208985186,2.954153307746438
LightGBM,Coimbra,17,0.7285714285714285,0.7688884644766998,0.625,0.2654983862982675,0.8970478784269679,3.798187934106559,2.7358607991985004
CatBoost,Coimbra,17,0.7428571428571428,0.7921568627450981,0.6666666666666666,0.21671147670917632,0.8179665268315213,5.050500601373813,4.239708766971496
Non-negative Ridge Super Learner,Coimbra,17,0.7428571428571429,0.7921568627450981,0.5882352941176471,0.24957150578612045,0.8764796434404576,4.160332751790923,3.3302472899784923
ElasticNet,Milan,17,0.9285714285714286,0.9846415489272632,0.782608695652174,0.178360414047789,0.8584082836572532,4.912972453666728,3.857005169515599
RandomForest,Milan,17,1.0,1.0,0.9230769230769231,0.08730533664665868,0.8058213109394362,5.753421453027273,4.704009226890758
XGBoost,Milan,17,1.0,1.0,0.9629629629629629,0.039751067757606506,0.8265094948837473,5.438301255764125,4.434000499949736
LightGBM,Milan,17,0.9761904761904763,0.9952380952380953,0.9629629629629629,0.06650498162516529,0.8485036408981603,5.081904550976368,3.731787294919562
CatBoost,Milan,17,1.0,1.0,0.9629629629629629,0.05945338506871757,0.8059678364166778,5.751250303549874,4.8013108181267
Non-negative Ridge Super Learner,Milan,17,1.0,1.0,0.88,0.09666311568809213,0.8601773336633767,4.882184592610377,3.6198815323304787
ElasticNet,Toulouse,17,0.9305555555555556,0.9282627865961199,0.9473684210526315,0.09358175135243525,0.9586080617098357,3.456818476265737,2.966137274080046
RandomForest,Toulouse,17,1.0,1.0,0.9473684210526315,0.07668302774042948,0.8741667376434781,6.027211350820058,5.005403286647986
XGBoost,Toulouse,17,1.0,1.0,0.9,0.09952974319458008,0.9143840462574144,4.971598428909498,4.262157595017377
LightGBM,Toulouse,17,0.9583333333333334,0.9626543209876544,0.8571428571428571,0.12385167042641546,0.927374852805157,4.578911033348974,3.8350335769004413
CatBoost,Toulouse,17,1.0,1.0,0.8571428571428571,0.09097660892350969,0.8423860405862589,6.745529286126908,5.3711705287879425
Non-negative Ridge Super Learner,Toulouse,17,0.9722222222222222,0.9765432098765432,0.9,0.08327409881325332,0.950171344261359,3.792785466476935,3.0153583059300795
