held_out_city,target_downstream,source_upstream_or_self,distance_decay_prior,learned_attention
Antwerp,ANT_00,ANT_00,1.0,1.0
Antwerp,ANT_01,ANT_00,0.4355399012565613,0.09139164537191391
Antwerp,ANT_01,ANT_01,1.0,0.9086083769798279
Antwerp,ANT_02,ANT_01,0.4832250773906708,0.4105076193809509
Antwerp,ANT_02,ANT_02,1.0,0.5894924402236938
Antwerp,ANT_03,ANT_02,0.4470008313655853,0.29498106241226196
Antwerp,ANT_03,ANT_03,1.0,0.705018937587738
Antwerp,ANT_04,ANT_03,0.3107299208641052,0.3313431143760681
Antwerp,ANT_04,ANT_04,1.0,0.6686568856239319
Antwerp,ANT_05,ANT_04,0.36313268542289734,0.12310366332530975
Antwerp,ANT_05,ANT_05,1.0,0.8768963813781738
Antwerp,ANT_06,ANT_05,0.2658892869949341,0.46210941672325134
Antwerp,ANT_06,ANT_06,1.0,0.5378906726837158
Antwerp,ANT_07,ANT_06,0.33591097593307495,0.1484943926334381
Antwerp,ANT_07,ANT_07,1.0,0.8515056371688843
Antwerp,ANT_08,ANT_07,0.39256036281585693,0.5141225457191467
Antwerp,ANT_08,ANT_08,1.0,0.48587745428085327
Antwerp,ANT_09,ANT_08,0.28743651509284973,0.10727103054523468
Antwerp,ANT_09,ANT_09,1.0,0.8927289843559265
Antwerp,ANT_10,ANT_09,0.4134920835494995,0.4150868058204651
Antwerp,ANT_10,ANT_10,1.0,0.5849131941795349
Antwerp,ANT_11,ANT_10,0.34475022554397583,0.21371904015541077
Antwerp,ANT_11,ANT_11,1.0,0.7862809300422668
Antwerp,ANT_12,ANT_11,0.4708353877067566,0.20255382359027863
Antwerp,ANT_12,ANT_12,1.0,0.7974461317062378
Antwerp,ANT_13,ANT_12,0.37268826365470886,0.4525067210197449
Antwerp,ANT_13,ANT_13,1.0,0.5474932789802551
Antwerp,ANT_14,ANT_13,0.33591097593307495,0.031156813725829124
Antwerp,ANT_14,ANT_14,1.0,0.9688432216644287
Antwerp,ANT_15,ANT_14,0.40289032459259033,0.4709409475326538
Antwerp,ANT_15,ANT_15,1.0,0.5290589928627014
Antwerp,ANT_16,ANT_15,0.35382211208343506,0.18181301653385162
Antwerp,ANT_16,ANT_16,1.0,0.8181869983673096
