station_id,city,bio_score_baseline_loco_ensemble,bio_score_nbs_loco_counterfactual,delta_bio_score_model_counterfactual,p_vector_baseline,p_vector_nbs,delta_p_vector,pareto_rank,pareto_quadrant,investment_priority_score,scenario_evidence_type
COI_00,Coimbra,28.575715534358483,38.439405262200744,9.86368972784226,0.8311,0.3827,0.4484,7,I_WinWin_Golden,1.1294117647058823,model_counterfactual_not_observed_intervention
COI_01,Coimbra,13.255547224796056,31.293259352579817,18.037712127783763,1.0,0.6893,0.3107,1,I_WinWin_Golden,1.4705882352941178,model_counterfactual_not_observed_intervention
COI_02,Coimbra,54.69950480395298,55.682105175295916,0.982600371342933,0.1421,0.1389,0.0032,18,II_Ecology_Dominant,0.12941176470588234,model_counterfactual_not_observed_intervention
COI_03,Coimbra,43.14703973350122,47.62465803151529,4.477618298014072,0.1979,0.1028,0.0951,13,II_Ecology_Dominant,0.48235294117647065,model_counterfactual_not_observed_intervention
COI_04,Coimbra,32.19406484472417,40.265524092145405,8.071459247421238,0.5633,0.3992,0.1641,12,II_Ecology_Dominant,0.6235294117647059,model_counterfactual_not_observed_intervention
COI_05,Coimbra,44.06396316200979,47.00360585184276,2.939642689832965,0.1062,0.0773,0.0289,16,II_Ecology_Dominant,0.25882352941176473,model_counterfactual_not_observed_intervention
COI_06,Coimbra,30.4625817016253,40.120156247764136,9.657574546138836,0.6479,0.277,0.3709,8,I_WinWin_Golden,0.988235294117647,model_counterfactual_not_observed_intervention
COI_07,Coimbra,38.71263781443257,47.31866113855424,8.606023324121672,0.3158,0.1777,0.1381,12,II_Ecology_Dominant,0.6235294117647059,model_counterfactual_not_observed_intervention
COI_08,Coimbra,35.49580111943819,39.39188818999935,3.8960870705611583,0.4438,0.3316,0.1122,13,II_Ecology_Dominant,0.4588235294117647,model_counterfactual_not_observed_intervention
COI_09,Coimbra,27.039349454061938,39.77686332038278,12.737513866320842,0.9912,0.409,0.5822,3,I_WinWin_Golden,1.5764705882352943,model_counterfactual_not_observed_intervention
COI_10,Coimbra,37.846429022370465,44.49405366351457,6.647624641144105,0.3889,0.3291,0.0598,13,II_Ecology_Dominant,0.47058823529411764,model_counterfactual_not_observed_intervention
COI_11,Coimbra,35.62318990014182,43.316449302664786,7.693259402522969,0.8064,0.397,0.4094,10,I_WinWin_Golden,0.9294117647058824,model_counterfactual_not_observed_intervention
COI_12,Coimbra,46.2012642186208,48.87309951022801,2.6718352916072092,0.1184,0.1076,0.0108,17,II_Ecology_Dominant,0.21176470588235294,model_counterfactual_not_observed_intervention
COI_13,Coimbra,25.109251082785867,38.29440558926139,13.18515450647552,0.8953,0.2289,0.6664,1,I_WinWin_Golden,1.7294117647058824,model_counterfactual_not_observed_intervention
COI_14,Coimbra,46.31017957087301,50.040532916026514,3.730353345153503,0.146,0.0963,0.0497,14,II_Ecology_Dominant,0.35294117647058826,model_counterfactual_not_observed_intervention
COI_15,Coimbra,31.951480604760498,41.86441494132047,9.912934336559971,0.8232,0.3541,0.4691,6,I_WinWin_Golden,1.1764705882352942,model_counterfactual_not_observed_intervention
COI_16,Coimbra,20.31021714353999,35.39213259271586,15.08191544917587,1.0,0.5163,0.4837,3,I_WinWin_Golden,1.6235294117647059,model_counterfactual_not_observed_intervention
TOU_00,Toulouse,33.372045283486834,45.31395123487944,11.941905951392606,0.8196,0.2163,0.6033,2,I_WinWin_Golden,1.5647058823529412,model_counterfactual_not_observed_intervention
TOU_01,Toulouse,55.740029848634606,56.59530636849708,0.8552765198624712,0.0949,0.094,0.0009,19,II_Ecology_Dominant,0.09411764705882353,model_counterfactual_not_observed_intervention
TOU_02,Toulouse,47.78858059565374,50.05709677421213,2.268516178558386,0.2926,0.2576,0.035,15,II_Ecology_Dominant,0.27058823529411763,model_counterfactual_not_observed_intervention
TOU_03,Toulouse,38.486727886708,43.765407084219206,5.278679197511202,0.797,0.6188,0.1782,12,II_Ecology_Dominant,0.5764705882352941,model_counterfactual_not_observed_intervention
TOU_04,Toulouse,16.161520046608782,30.82460354628204,14.66308349967326,0.9817,0.7206,0.2611,6,I_WinWin_Golden,1.2705882352941176,model_counterfactual_not_observed_intervention
TOU_05,Toulouse,18.569756449684018,32.89873512069889,14.32897867101487,0.949,0.5012,0.4478,4,I_WinWin_Golden,1.4941176470588236,model_counterfactual_not_observed_intervention
TOU_06,Toulouse,28.03953738972167,38.66819363948527,10.628656249763598,0.8496,0.3213,0.5283,4,I_WinWin_Golden,1.4117647058823528,model_counterfactual_not_observed_intervention
TOU_07,Toulouse,31.341144531931015,37.9389425970885,6.597798065157484,0.5812,0.5116,0.0696,13,II_Ecology_Dominant,0.47058823529411764,model_counterfactual_not_observed_intervention
TOU_08,Toulouse,15.312321640531348,31.119862032813945,15.807540392282597,1.0,0.6787,0.3213,5,I_WinWin_Golden,1.4235294117647057,model_counterfactual_not_observed_intervention
TOU_09,Toulouse,18.382886089745064,31.28317881716142,12.900292727416357,1.0,0.6875,0.3125,7,I_WinWin_Golden,1.188235294117647,model_counterfactual_not_observed_intervention
TOU_10,Toulouse,45.43965580246825,49.28468572646442,3.845029923996165,0.218,0.1871,0.0309,15,II_Ecology_Dominant,0.3176470588235294,model_counterfactual_not_observed_intervention
TOU_11,Toulouse,46.37688427501428,50.04391720257829,3.6670329275640157,0.3545,0.2813,0.0732,14,II_Ecology_Dominant,0.3764705882352941,model_counterfactual_not_observed_intervention
TOU_12,Toulouse,57.423289706911454,57.527086458730125,0.10379675181867043,0.0908,0.0908,0.0,21,II_Ecology_Dominant,0.052941176470588235,model_counterfactual_not_observed_intervention
TOU_13,Toulouse,27.79472657552161,38.20266663803039,10.407940062508775,0.9588,0.6595,0.2993,9,I_WinWin_Golden,0.9529411764705882,model_counterfactual_not_observed_intervention
TOU_14,Toulouse,19.015955177756258,32.66910530117438,13.653150123418126,0.8847,0.3876,0.4971,4,I_WinWin_Golden,1.5294117647058822,model_counterfactual_not_observed_intervention
TOU_15,Toulouse,41.24813565373228,49.60300380805312,8.35486815432084,0.5211,0.2859,0.2352,11,I_WinWin_Golden,0.6941176470588235,model_counterfactual_not_observed_intervention
TOU_16,Toulouse,22.39013654461397,33.61456109052888,11.22442454591491,0.9025,0.5969,0.3056,8,I_WinWin_Golden,1.0470588235294118,model_counterfactual_not_observed_intervention
ANT_00,Antwerp,21.69051819757119,35.629764274004266,13.939246076433076,0.4775,0.2629,0.2146,7,I_WinWin_Golden,1.1529411764705881,model_counterfactual_not_observed_intervention
ANT_01,Antwerp,54.98893418642965,56.135630759698095,1.1466965732684429,0.044,0.044,0.0,20,II_Ecology_Dominant,0.08823529411764705,model_counterfactual_not_observed_intervention
ANT_02,Antwerp,31.58484820361083,40.839141322420836,9.254293118810008,0.3639,0.276,0.0879,12,II_Ecology_Dominant,0.6235294117647059,model_counterfactual_not_observed_intervention
ANT_03,Antwerp,32.457741811910154,42.2315787310117,9.773836919101548,0.5167,0.2646,0.2521,10,I_WinWin_Golden,0.8470588235294118,model_counterfactual_not_observed_intervention
ANT_04,Antwerp,26.998123199649577,37.934329895932365,10.936206696282788,0.3412,0.2144,0.1268,9,II_Ecology_Dominant,0.8470588235294118,model_counterfactual_not_observed_intervention
ANT_05,Antwerp,57.30388044862498,57.365125332463876,0.0612448838388957,0.0608,0.0608,0.0,22,II_Ecology_Dominant,0.041176470588235294,model_counterfactual_not_observed_intervention
ANT_06,Antwerp,23.5570283999111,38.29669224943786,14.73966384952676,0.8415,0.2482,0.5933,2,I_WinWin_Golden,1.776470588235294,model_counterfactual_not_observed_intervention
ANT_07,Antwerp,44.473317163091835,48.86157910621334,4.388261943121506,0.1051,0.0739,0.0312,14,II_Ecology_Dominant,0.3764705882352941,model_counterfactual_not_observed_intervention
ANT_08,Antwerp,23.622244843658727,37.56089705412943,13.9386522104707,0.7825,0.2979,0.4846,4,I_WinWin_Golden,1.5176470588235293,model_counterfactual_not_observed_intervention
ANT_09,Antwerp,36.76185992296502,48.37692712463783,11.615067201672808,0.7876,0.1615,0.6261,2,I_WinWin_Golden,1.576470588235294,model_counterfactual_not_observed_intervention
ANT_10,Antwerp,22.67847562282308,37.28522339071576,14.606747767892678,0.8486,0.4628,0.3858,4,I_WinWin_Golden,1.4588235294117649,model_counterfactual_not_observed_intervention
ANT_11,Antwerp,27.257853956324208,37.822886355252336,10.565032398928128,0.6394,0.3879,0.2515,9,I_WinWin_Golden,0.9294117647058824,model_counterfactual_not_observed_intervention
ANT_12,Antwerp,53.02044175629432,55.428841325599215,2.4083995693048976,0.061,0.06,0.001,18,II_Ecology_Dominant,0.16470588235294117,model_counterfactual_not_observed_intervention
ANT_13,Antwerp,24.657431441632415,39.35647639807537,14.699044956442957,0.8847,0.3367,0.548,3,I_WinWin_Golden,1.7411764705882353,model_counterfactual_not_observed_intervention
ANT_14,Antwerp,53.51481902053746,56.18750835382614,2.6726893332886803,0.0813,0.0732,0.0081,17,II_Ecology_Dominant,0.21176470588235294,model_counterfactual_not_observed_intervention
ANT_15,Antwerp,24.74603126392313,36.76966765622639,12.02363639230326,0.5578,0.2942,0.2636,8,I_WinWin_Golden,1.0823529411764707,model_counterfactual_not_observed_intervention
ANT_16,Antwerp,36.30762293431383,45.564819726614466,9.25719679230064,0.1791,0.145,0.0341,12,II_Ecology_Dominant,0.5647058823529412,model_counterfactual_not_observed_intervention
ATH_00,Athens,17.59221907777458,34.70562671556111,17.11340763778653,1.0,0.6771,0.3229,4,I_WinWin_Golden,1.4705882352941178,model_counterfactual_not_observed_intervention
ATH_01,Athens,24.614471330035357,37.827748226682296,13.213276896646938,0.9197,0.5363,0.3834,5,I_WinWin_Golden,1.3411764705882354,model_counterfactual_not_observed_intervention
ATH_02,Athens,19.583171633903863,37.0481433998802,17.46497176597634,0.9678,0.4588,0.509,2,I_WinWin_Golden,1.776470588235294,model_counterfactual_not_observed_intervention
ATH_03,Athens,39.75206185647208,49.7253895308711,9.973327674399016,0.8016,0.1668,0.6348,3,I_WinWin_Golden,1.4588235294117646,model_counterfactual_not_observed_intervention
ATH_04,Athens,42.59592913261412,51.29652122125708,8.700592088642964,0.5946,0.1704,0.4242,9,I_WinWin_Golden,1.0,model_counterfactual_not_observed_intervention
ATH_05,Athens,44.95327048058624,51.64818027110556,6.6949097905193184,0.672,0.2779,0.3941,11,I_WinWin_Golden,0.9058823529411764,model_counterfactual_not_observed_intervention
ATH_06,Athens,22.1504011928052,36.134766351841634,13.984365159036432,1.0,0.6167,0.3833,5,I_WinWin_Golden,1.4,model_counterfactual_not_observed_intervention
ATH_07,Athens,22.29396388174599,37.6640428575253,15.370078975779311,1.0,0.4716,0.5284,2,I_WinWin_Golden,1.776470588235294,model_counterfactual_not_observed_intervention
ATH_08,Athens,23.562342088915017,41.31027836337245,17.74793627445743,0.9462,0.3513,0.5949,1,I_WinWin_Golden,1.9058823529411764,model_counterfactual_not_observed_intervention
ATH_09,Athens,50.70161007458357,54.598326035672606,3.8967159610890363,0.1712,0.1409,0.0303,15,II_Ecology_Dominant,0.3411764705882353,model_counterfactual_not_observed_intervention
ATH_10,Athens,27.982516054493487,40.16654381953596,12.184027765042472,0.8325,0.3372,0.4953,5,I_WinWin_Golden,1.4235294117647057,model_counterfactual_not_observed_intervention
ATH_11,Athens,40.381361070193904,51.78365899795013,11.402297927756223,0.7808,0.1253,0.6555,2,I_WinWin_Golden,1.6,model_counterfactual_not_observed_intervention
ATH_12,Athens,39.35467346797187,47.86979283378531,8.51511936581344,0.5732,0.2025,0.3707,10,I_WinWin_Golden,0.8823529411764706,model_counterfactual_not_observed_intervention
ATH_13,Athens,27.845275927256647,38.38567339657253,10.54039746931588,0.5564,0.3295,0.2269,10,I_WinWin_Golden,0.8941176470588236,model_counterfactual_not_observed_intervention
ATH_14,Athens,36.828268308005065,46.041343132042925,9.21307482403786,0.8177,0.3134,0.5043,7,I_WinWin_Golden,1.1529411764705881,model_counterfactual_not_observed_intervention
ATH_15,Athens,33.5090544934021,43.158108601298586,9.64905410789649,0.9705,0.4582,0.5123,6,I_WinWin_Golden,1.211764705882353,model_counterfactual_not_observed_intervention
ATH_16,Athens,25.722733646186413,40.64127156183295,14.918537915646539,0.958,0.3452,0.6128,1,I_WinWin_Golden,1.8235294117647058,model_counterfactual_not_observed_intervention
MIL_00,Milan,22.43636971007736,35.485875562377544,13.049505852300182,0.9282,0.7808,0.1474,8,II_Ecology_Dominant,1.0235294117647058,model_counterfactual_not_observed_intervention
MIL_01,Milan,22.327730286419484,36.16202738096581,13.834297094546326,0.9928,0.6295,0.3633,6,I_WinWin_Golden,1.3176470588235294,model_counterfactual_not_observed_intervention
MIL_02,Milan,32.74543497737788,43.74514988653758,10.9997149091597,0.9676,0.6566,0.311,8,I_WinWin_Golden,1.0588235294117647,model_counterfactual_not_observed_intervention
MIL_03,Milan,52.04001051587628,53.77338149830602,1.73337098242974,0.0501,0.0501,0.0,19,II_Ecology_Dominant,0.1,model_counterfactual_not_observed_intervention
MIL_04,Milan,36.296735188628176,46.20977517443377,9.913039985805597,0.6297,0.1629,0.4668,6,I_WinWin_Golden,1.1764705882352942,model_counterfactual_not_observed_intervention
MIL_05,Milan,30.20950871542949,39.87702058451679,9.667511869087303,0.4444,0.2846,0.1598,11,II_Ecology_Dominant,0.7411764705882353,model_counterfactual_not_observed_intervention
MIL_06,Milan,39.86708510081253,50.448973286365415,10.581888185552884,0.6468,0.1327,0.5141,5,I_WinWin_Golden,1.3764705882352941,model_counterfactual_not_observed_intervention
MIL_07,Milan,40.91908813216634,51.319381411504345,10.400293279338008,0.5242,0.1396,0.3846,6,I_WinWin_Golden,1.1058823529411765,model_counterfactual_not_observed_intervention
MIL_08,Milan,35.69199510604491,44.7017817851832,9.009786679138294,0.7019,0.2163,0.4856,8,I_WinWin_Golden,1.1058823529411765,model_counterfactual_not_observed_intervention
MIL_09,Milan,19.21684880508628,35.88489018638953,16.668041381303254,0.9939,0.5428,0.4511,3,I_WinWin_Golden,1.6352941176470588,model_counterfactual_not_observed_intervention
MIL_10,Milan,53.39330883383093,57.250387429189445,3.857078595358516,0.1291,0.1098,0.0193,16,II_Ecology_Dominant,0.29411764705882354,model_counterfactual_not_observed_intervention
MIL_11,Milan,30.944527931057358,44.89370895719823,13.94918102614087,0.9384,0.3094,0.629,1,I_WinWin_Golden,1.7647058823529411,model_counterfactual_not_observed_intervention
MIL_12,Milan,37.211013445566,48.45217579660831,11.241162351042306,0.8206,0.3066,0.514,5,I_WinWin_Golden,1.4235294117647057,model_counterfactual_not_observed_intervention
MIL_13,Milan,27.3804621985904,40.31271384792514,12.932251649334738,0.3701,0.1655,0.2046,8,I_WinWin_Golden,1.0588235294117647,model_counterfactual_not_observed_intervention
MIL_14,Milan,15.410164323834753,32.65047220232083,17.240307878486075,1.0,0.6646,0.3354,3,I_WinWin_Golden,1.4941176470588236,model_counterfactual_not_observed_intervention
MIL_15,Milan,27.454209208166283,39.86227194920204,12.408062741035756,0.9373,0.4145,0.5228,4,I_WinWin_Golden,1.5176470588235293,model_counterfactual_not_observed_intervention
MIL_16,Milan,17.563255438912893,33.51395776452408,15.950702325611186,0.9553,0.5941,0.3612,4,I_WinWin_Golden,1.4705882352941178,model_counterfactual_not_observed_intervention
