held_out_city,variable,value,mean_probability,ci_low,ci_high,n_background,scope
Antwerp,dissolved_oxygen,2.0,0.8198113377564648,0.7679693548864721,0.8716410848099854,17,fold-held-out conditional scenario; not causal PDP
Antwerp,dissolved_oxygen,2.125,0.8198113377564648,0.7679693548864721,0.8716410848099854,17,fold-held-out conditional scenario; not causal PDP
Antwerp,dissolved_oxygen,2.25,0.8198113377564648,0.7679693548864721,0.8716410848099854,17,fold-held-out conditional scenario; not causal PDP
Antwerp,dissolved_oxygen,2.375,0.8198113377564648,0.7679693548864721,0.8716410848099854,17,fold-held-out conditional scenario; not causal PDP
Antwerp,dissolved_oxygen,2.5,0.8196720657190126,0.7677947369411243,0.8715140047838789,17,fold-held-out conditional scenario; not causal PDP
Antwerp,dissolved_oxygen,2.625,0.8196720657190126,0.7677947369411243,0.8715140047838789,17,fold-held-out conditional scenario; not causal PDP
Antwerp,dissolved_oxygen,2.75,0.8196720657190126,0.7677947369411243,0.8715140047838789,17,fold-held-out conditional scenario; not causal PDP
Antwerp,dissolved_oxygen,2.875,0.8196720657190126,0.7677947369411243,0.8715140047838789,17,fold-held-out conditional scenario; not causal PDP
Antwerp,dissolved_oxygen,3.0,0.8196720657190126,0.7677947369411243,0.8715140047838789,17,fold-held-out conditional scenario; not causal PDP
Antwerp,dissolved_oxygen,3.125,0.8196720657190126,0.7677947369411243,0.8715140047838789,17,fold-held-out conditional scenario; not causal PDP
Antwerp,dissolved_oxygen,3.25,0.8196720657190126,0.7677947369411243,0.8715140047838789,17,fold-held-out conditional scenario; not causal PDP
Antwerp,dissolved_oxygen,3.375,0.8195217585908631,0.767619127933347,0.871442664193889,17,fold-held-out conditional scenario; not causal PDP
Antwerp,dissolved_oxygen,3.5,0.819444361293747,0.7674877596106785,0.8713731728960276,17,fold-held-out conditional scenario; not causal PDP
Antwerp,dissolved_oxygen,3.625,0.8195671543007407,0.7678434790566532,0.8713974537408368,17,fold-held-out conditional scenario; not causal PDP
Antwerp,dissolved_oxygen,3.75,0.8201344442558973,0.7684226181705907,0.8713137352266123,17,fold-held-out conditional scenario; not causal PDP
Antwerp,dissolved_oxygen,3.875,0.8243536379849696,0.7740793847271976,0.8746141108535899,17,fold-held-out conditional scenario; not causal PDP
Antwerp,dissolved_oxygen,4.0,0.8240752996438463,0.7724810698458437,0.8748626890593839,17,fold-held-out conditional scenario; not causal PDP
Antwerp,dissolved_oxygen,4.125,0.8247701873355956,0.773416995774286,0.8753220353695187,17,fold-held-out conditional scenario; not causal PDP
Antwerp,dissolved_oxygen,4.25,0.8241645918660335,0.7728574344163625,0.8750457262112471,17,fold-held-out conditional scenario; not causal PDP
Antwerp,dissolved_oxygen,4.375,0.7677437446153953,0.7052164350020838,0.829342404958052,17,fold-held-out conditional scenario; not causal PDP
Antwerp,dissolved_oxygen,4.5,0.5391893770979388,0.4432139252520685,0.6362467789723529,17,fold-held-out conditional scenario; not causal PDP
Antwerp,dissolved_oxygen,4.625,0.4831118289587277,0.3946416074110068,0.5819859840924839,17,fold-held-out conditional scenario; not causal PDP
Antwerp,dissolved_oxygen,4.75,0.4814892543332798,0.3934972541179369,0.5793659118401858,17,fold-held-out conditional scenario; not causal PDP
Antwerp,dissolved_oxygen,4.875,0.4666724071443685,0.37098423519328294,0.5693664020314871,17,fold-held-out conditional scenario; not causal PDP
Antwerp,dissolved_oxygen,5.0,0.42538576485035207,0.3325925800261905,0.5235329685448017,17,fold-held-out conditional scenario; not causal PDP
Antwerp,dissolved_oxygen,5.125,0.36759663600684284,0.280105338600619,0.4657332761586825,17,fold-held-out conditional scenario; not causal PDP
Antwerp,dissolved_oxygen,5.25,0.330065691648287,0.24778067426196138,0.42384950560567203,17,fold-held-out conditional scenario; not causal PDP
Antwerp,dissolved_oxygen,5.375,0.2922374604177428,0.21410871573602266,0.37625237792095273,17,fold-held-out conditional scenario; not causal PDP
Antwerp,dissolved_oxygen,5.5,0.2694703938477529,0.1949420649479705,0.35470099027199764,17,fold-held-out conditional scenario; not causal PDP
Antwerp,dissolved_oxygen,5.625,0.2468722743047311,0.1758985901688304,0.32612889183300736,17,fold-held-out conditional scenario; not causal PDP
Antwerp,dissolved_oxygen,5.75,0.21700722829652697,0.1542564348207903,0.2925918573586078,17,fold-held-out conditional scenario; not causal PDP
Antwerp,dissolved_oxygen,5.875,0.2029309919088255,0.14494960901832266,0.27463949723705056,17,fold-held-out conditional scenario; not causal PDP
Antwerp,dissolved_oxygen,6.0,0.18421257249203093,0.13231289900986876,0.24509343283121754,17,fold-held-out conditional scenario; not causal PDP
Antwerp,dissolved_oxygen,6.125,0.18152070231248646,0.13102416969089295,0.24317604130252643,17,fold-held-out conditional scenario; not causal PDP
Antwerp,dissolved_oxygen,6.25,0.17611010553007933,0.12722414731594323,0.23708981240223748,17,fold-held-out conditional scenario; not causal PDP
Antwerp,dissolved_oxygen,6.375,0.17244863104394112,0.12419107737814544,0.23514018365659364,17,fold-held-out conditional scenario; not causal PDP
Antwerp,dissolved_oxygen,6.5,0.17187647182923624,0.12374325848136582,0.234608513052869,17,fold-held-out conditional scenario; not causal PDP
Antwerp,dissolved_oxygen,6.625,0.1702505480216055,0.12225324518515408,0.2329569930481078,17,fold-held-out conditional scenario; not causal PDP
Antwerp,dissolved_oxygen,6.75,0.16943211605767364,0.1212405969496824,0.2321583828035434,17,fold-held-out conditional scenario; not causal PDP
Antwerp,dissolved_oxygen,6.875,0.1688486144532707,0.1199648795928034,0.23197840706209177,17,fold-held-out conditional scenario; not causal PDP
Antwerp,dissolved_oxygen,7.0,0.1688390539350451,0.11997850530826172,0.2320166532970717,17,fold-held-out conditional scenario; not causal PDP
Antwerp,dissolved_oxygen,7.125,0.16890046281024088,0.1200253921411488,0.2320166532970717,17,fold-held-out conditional scenario; not causal PDP
Antwerp,dissolved_oxygen,7.25,0.16890046281024088,0.1200253921411488,0.2320166532970717,17,fold-held-out conditional scenario; not causal PDP
Antwerp,dissolved_oxygen,7.375,0.16890046281024088,0.1200253921411488,0.2320166532970717,17,fold-held-out conditional scenario; not causal PDP
Antwerp,dissolved_oxygen,7.5,0.16890046281024088,0.1200253921411488,0.2320166532970717,17,fold-held-out conditional scenario; not causal PDP
Antwerp,dissolved_oxygen,7.625,0.16890046281024088,0.1200253921411488,0.2320166532970717,17,fold-held-out conditional scenario; not causal PDP
Antwerp,dissolved_oxygen,7.75,0.16890046281024088,0.1200253921411488,0.2320166532970717,17,fold-held-out conditional scenario; not causal PDP
Antwerp,dissolved_oxygen,7.875,0.16890046281024088,0.1200253921411488,0.2320166532970717,17,fold-held-out conditional scenario; not causal PDP
Antwerp,dissolved_oxygen,8.0,0.16890046281024088,0.1200253921411488,0.2320166532970717,17,fold-held-out conditional scenario; not causal PDP
Antwerp,flow_velocity_ms,0.0,0.4620298968531172,0.33382876472801676,0.6047801065603708,17,fold-held-out conditional scenario; not causal PDP
Antwerp,flow_velocity_ms,0.012499999999999999,0.4612558078317503,0.332927726763177,0.6047337267716651,17,fold-held-out conditional scenario; not causal PDP
Antwerp,flow_velocity_ms,0.024999999999999998,0.4607787037296119,0.33208583492438515,0.6044700761648559,17,fold-held-out conditional scenario; not causal PDP
Antwerp,flow_velocity_ms,0.0375,0.46085858644219824,0.3322036619254499,0.6045080204533344,17,fold-held-out conditional scenario; not causal PDP
Antwerp,flow_velocity_ms,0.049999999999999996,0.4605218499143227,0.3318175184603562,0.6042902785620362,17,fold-held-out conditional scenario; not causal PDP
Antwerp,flow_velocity_ms,0.06249999999999999,0.4594675993306945,0.33097554394717266,0.6032067979827939,17,fold-held-out conditional scenario; not causal PDP
Antwerp,flow_velocity_ms,0.075,0.45868005468692163,0.33050649443353475,0.6027860825661461,17,fold-held-out conditional scenario; not causal PDP
Antwerp,flow_velocity_ms,0.0875,0.45868005468692163,0.33050649443353475,0.6027860825661461,17,fold-held-out conditional scenario; not causal PDP
Antwerp,flow_velocity_ms,0.09999999999999999,0.458570310979785,0.3307945604767548,0.6028254185507574,17,fold-held-out conditional scenario; not causal PDP
Antwerp,flow_velocity_ms,0.11249999999999999,0.45770348589820875,0.33027567489604387,0.6017036046890519,17,fold-held-out conditional scenario; not causal PDP
Antwerp,flow_velocity_ms,0.12499999999999999,0.4577054347020369,0.3301793057428232,0.6016765635341601,17,fold-held-out conditional scenario; not causal PDP
Antwerp,flow_velocity_ms,0.13749999999999998,0.4576013083019321,0.3299102264047771,0.601581204038578,17,fold-held-out conditional scenario; not causal PDP
Antwerp,flow_velocity_ms,0.15,0.45690885890936694,0.3291176843485411,0.6014610179249389,17,fold-held-out conditional scenario; not causal PDP
Antwerp,flow_velocity_ms,0.16249999999999998,0.45482792100697056,0.32580287639680944,0.599547439406004,17,fold-held-out conditional scenario; not causal PDP
Antwerp,flow_velocity_ms,0.175,0.45469293458437005,0.32533323819228616,0.5994292420026857,17,fold-held-out conditional scenario; not causal PDP
Antwerp,flow_velocity_ms,0.18749999999999997,0.4531699690033573,0.3233679567528911,0.5985968330057331,17,fold-held-out conditional scenario; not causal PDP
Antwerp,flow_velocity_ms,0.19999999999999998,0.4524512303262669,0.322628581071023,0.5981152715061434,17,fold-held-out conditional scenario; not causal PDP
Antwerp,flow_velocity_ms,0.2125,0.4503554426774712,0.3199001343789492,0.5959851986936568,17,fold-held-out conditional scenario; not causal PDP
Antwerp,flow_velocity_ms,0.22499999999999998,0.44810005674884373,0.31718932247190224,0.5936337026385253,17,fold-held-out conditional scenario; not causal PDP
Antwerp,flow_velocity_ms,0.2375,0.4432284264660344,0.3105490059680478,0.5918502810782016,17,fold-held-out conditional scenario; not causal PDP
Antwerp,flow_velocity_ms,0.24999999999999997,0.44050788262355395,0.30718625147375567,0.5903742254178319,17,fold-held-out conditional scenario; not causal PDP
Antwerp,flow_velocity_ms,0.26249999999999996,0.435198061711211,0.3035527688864688,0.5864255957620813,17,fold-held-out conditional scenario; not causal PDP
Antwerp,flow_velocity_ms,0.27499999999999997,0.43309439608368566,0.3011873706443291,0.5842932573141255,17,fold-held-out conditional scenario; not causal PDP
Antwerp,flow_velocity_ms,0.2875,0.4285972331405326,0.2973513373005225,0.5790501950061625,17,fold-held-out conditional scenario; not causal PDP
Antwerp,flow_velocity_ms,0.3,0.420216689633543,0.28817644845210766,0.5711959829810161,17,fold-held-out conditional scenario; not causal PDP
Antwerp,flow_velocity_ms,0.3125,0.41660119851268573,0.283928429616696,0.5670169462895384,17,fold-held-out conditional scenario; not causal PDP
Antwerp,flow_velocity_ms,0.32499999999999996,0.40411305904300004,0.2726142032154899,0.5527034729453076,17,fold-held-out conditional scenario; not causal PDP
Antwerp,flow_velocity_ms,0.33749999999999997,0.39987983646987185,0.2695882339728902,0.5474042461676776,17,fold-held-out conditional scenario; not causal PDP
Antwerp,flow_velocity_ms,0.35,0.3940282170005994,0.2653785291842918,0.5396888598987885,17,fold-held-out conditional scenario; not causal PDP
Antwerp,flow_velocity_ms,0.3625,0.381914330570067,0.2540833421872948,0.5271805408121231,17,fold-held-out conditional scenario; not causal PDP
Antwerp,flow_velocity_ms,0.37499999999999994,0.37882548319587034,0.2516000753859319,0.524275420856546,17,fold-held-out conditional scenario; not causal PDP
Antwerp,flow_velocity_ms,0.38749999999999996,0.3770761075604782,0.2502059015170695,0.5228255879409115,17,fold-held-out conditional scenario; not causal PDP
Antwerp,flow_velocity_ms,0.39999999999999997,0.3733372934627926,0.24881352594824563,0.5196450086656473,17,fold-held-out conditional scenario; not causal PDP
Antwerp,flow_velocity_ms,0.4125,0.37239643742272766,0.24767990786634903,0.5188218004130284,17,fold-held-out conditional scenario; not causal PDP
Antwerp,flow_velocity_ms,0.425,0.3715612091813623,0.2469815594625997,0.5180411813601159,17,fold-held-out conditional scenario; not causal PDP
Antwerp,flow_velocity_ms,0.43749999999999994,0.37123722354310756,0.2469815594625997,0.5178956184334795,17,fold-held-out conditional scenario; not causal PDP
Antwerp,flow_velocity_ms,0.44999999999999996,0.3703228670066031,0.24618746963586852,0.5166280023612311,17,fold-held-out conditional scenario; not causal PDP
Antwerp,flow_velocity_ms,0.46249999999999997,0.37020307977998756,0.2460748726493706,0.516312720083229,17,fold-held-out conditional scenario; not causal PDP
Antwerp,flow_velocity_ms,0.475,0.3678687366123886,0.24422255498656753,0.5147061050206774,17,fold-held-out conditional scenario; not causal PDP
Antwerp,flow_velocity_ms,0.48749999999999993,0.3656743294457102,0.24175523821147482,0.5116127371349666,17,fold-held-out conditional scenario; not causal PDP
Antwerp,flow_velocity_ms,0.49999999999999994,0.36179488050522585,0.23771688089945495,0.5090538535668312,17,fold-held-out conditional scenario; not causal PDP
Antwerp,flow_velocity_ms,0.5125,0.36079463576589077,0.23646495407579451,0.508255997218588,17,fold-held-out conditional scenario; not causal PDP
Antwerp,flow_velocity_ms,0.5249999999999999,0.3601233927771061,0.2358089180527587,0.5079051227468118,17,fold-held-out conditional scenario; not causal PDP
Antwerp,flow_velocity_ms,0.5375,0.3599983416681353,0.2357964754853729,0.5075270895594262,17,fold-held-out conditional scenario; not causal PDP
Antwerp,flow_velocity_ms,0.5499999999999999,0.3592628528082309,0.23474269545418422,0.5067383091032643,17,fold-held-out conditional scenario; not causal PDP
Antwerp,flow_velocity_ms,0.5625,0.3575443543808518,0.2319512905654961,0.5046158293737008,17,fold-held-out conditional scenario; not causal PDP
Antwerp,flow_velocity_ms,0.575,0.35673175277253183,0.23021362974771872,0.5042129388310378,17,fold-held-out conditional scenario; not causal PDP
Antwerp,flow_velocity_ms,0.5874999999999999,0.3561346719994721,0.22986863994448392,0.5030657415650649,17,fold-held-out conditional scenario; not causal PDP
Antwerp,flow_velocity_ms,0.6,0.35551787471528407,0.22940926071401724,0.5025483904506343,17,fold-held-out conditional scenario; not causal PDP
Athens,dissolved_oxygen,2.0,0.9377353232266217,0.920888727078974,0.9553199263903887,17,fold-held-out conditional scenario; not causal PDP
Athens,dissolved_oxygen,2.125,0.9377353232266217,0.920888727078974,0.9553199263903887,17,fold-held-out conditional scenario; not causal PDP
Athens,dissolved_oxygen,2.25,0.9377353232266217,0.920888727078974,0.9553199263903887,17,fold-held-out conditional scenario; not causal PDP
Athens,dissolved_oxygen,2.375,0.9377353232266217,0.920888727078974,0.9553199263903887,17,fold-held-out conditional scenario; not causal PDP
Athens,dissolved_oxygen,2.5,0.9376826061661535,0.9208610506222281,0.9552154984751889,17,fold-held-out conditional scenario; not causal PDP
Athens,dissolved_oxygen,2.625,0.9376649825736912,0.9208517982361855,0.9551811324698875,17,fold-held-out conditional scenario; not causal PDP
Athens,dissolved_oxygen,2.75,0.9376649825736912,0.9208517982361855,0.9551811324698875,17,fold-held-out conditional scenario; not causal PDP
Athens,dissolved_oxygen,2.875,0.9376649825736912,0.9208517982361855,0.9551811324698875,17,fold-held-out conditional scenario; not causal PDP
Athens,dissolved_oxygen,3.0,0.9374887816592652,0.920733210221916,0.9548194446141709,17,fold-held-out conditional scenario; not causal PDP
Athens,dissolved_oxygen,3.125,0.9375363937302149,0.9208565749049828,0.9548850025020762,17,fold-held-out conditional scenario; not causal PDP
Athens,dissolved_oxygen,3.25,0.9358884211816575,0.917456768984878,0.9536425594277926,17,fold-held-out conditional scenario; not causal PDP
Athens,dissolved_oxygen,3.375,0.9358234186198657,0.9174698285887085,0.9538512622196338,17,fold-held-out conditional scenario; not causal PDP
Athens,dissolved_oxygen,3.5,0.9355737224100779,0.9168602921213177,0.9540293038774397,17,fold-held-out conditional scenario; not causal PDP
Athens,dissolved_oxygen,3.625,0.9323975261747932,0.9113855738404093,0.9522561010471139,17,fold-held-out conditional scenario; not causal PDP
Athens,dissolved_oxygen,3.75,0.9242006497968686,0.8964587048192172,0.9493228315149553,17,fold-held-out conditional scenario; not causal PDP
Athens,dissolved_oxygen,3.875,0.9087810595792928,0.8736853852395267,0.9432871828525258,17,fold-held-out conditional scenario; not causal PDP
Athens,dissolved_oxygen,4.0,0.8837021479057073,0.8454732040782903,0.92537577057291,17,fold-held-out conditional scenario; not causal PDP
Athens,dissolved_oxygen,4.125,0.8254346089350207,0.7448244343291506,0.8946965022846856,17,fold-held-out conditional scenario; not causal PDP
Athens,dissolved_oxygen,4.25,0.744928265332898,0.6595117584547355,0.831375668683166,17,fold-held-out conditional scenario; not causal PDP
Athens,dissolved_oxygen,4.375,0.6422118770014281,0.5386921827570751,0.7486085514743546,17,fold-held-out conditional scenario; not causal PDP
Athens,dissolved_oxygen,4.5,0.4192932238372789,0.2775576857195352,0.5524291051066438,17,fold-held-out conditional scenario; not causal PDP
Athens,dissolved_oxygen,4.625,0.4067223134727693,0.2672731577747637,0.5402998793869191,17,fold-held-out conditional scenario; not causal PDP
Athens,dissolved_oxygen,4.75,0.36746250859308704,0.24097382312095508,0.49978508657676135,17,fold-held-out conditional scenario; not causal PDP
Athens,dissolved_oxygen,4.875,0.34800206553856805,0.22472547402630036,0.4765718037949451,17,fold-held-out conditional scenario; not causal PDP
Athens,dissolved_oxygen,5.0,0.3169206721688327,0.20754139187734355,0.4373234053561979,17,fold-held-out conditional scenario; not causal PDP
Athens,dissolved_oxygen,5.125,0.3086921042193375,0.20321181181470713,0.4225007532607264,17,fold-held-out conditional scenario; not causal PDP
Athens,dissolved_oxygen,5.25,0.30711701294764265,0.20239309873572103,0.4210639788269225,17,fold-held-out conditional scenario; not causal PDP
Athens,dissolved_oxygen,5.375,0.29561370863941994,0.19698136403200897,0.40953410753466046,17,fold-held-out conditional scenario; not causal PDP
Athens,dissolved_oxygen,5.5,0.2931031218816683,0.1951073506703001,0.40565095817101443,17,fold-held-out conditional scenario; not causal PDP
Athens,dissolved_oxygen,5.625,0.29330588431915483,0.1952036628281062,0.4058537206085009,17,fold-held-out conditional scenario; not causal PDP
Athens,dissolved_oxygen,5.75,0.28778437673246127,0.1908456541093281,0.3998992790091191,17,fold-held-out conditional scenario; not causal PDP
Athens,dissolved_oxygen,5.875,0.28778437673246127,0.1908456541093281,0.3998992790091191,17,fold-held-out conditional scenario; not causal PDP
Athens,dissolved_oxygen,6.0,0.26535569020970184,0.17495742356288638,0.3691746227933717,17,fold-held-out conditional scenario; not causal PDP
Athens,dissolved_oxygen,6.125,0.26535569020970184,0.17495742356288638,0.3691746227933717,17,fold-held-out conditional scenario; not causal PDP
Athens,dissolved_oxygen,6.25,0.2639268794822448,0.17372142660091117,0.3676090772233023,17,fold-held-out conditional scenario; not causal PDP
Athens,dissolved_oxygen,6.375,0.2639268794822448,0.17372142660091117,0.3676090772233023,17,fold-held-out conditional scenario; not causal PDP
Athens,dissolved_oxygen,6.5,0.2639268794822448,0.17372142660091117,0.3676090772233023,17,fold-held-out conditional scenario; not causal PDP
Athens,dissolved_oxygen,6.625,0.2639268794822448,0.17372142660091117,0.3676090772233023,17,fold-held-out conditional scenario; not causal PDP
Athens,dissolved_oxygen,6.75,0.2639268794822448,0.17372142660091117,0.3676090772233023,17,fold-held-out conditional scenario; not causal PDP
Athens,dissolved_oxygen,6.875,0.2639268794822448,0.17372142660091117,0.3676090772233023,17,fold-held-out conditional scenario; not causal PDP
Athens,dissolved_oxygen,7.0,0.2639268794822448,0.17372142660091117,0.3676090772233023,17,fold-held-out conditional scenario; not causal PDP
Athens,dissolved_oxygen,7.125,0.2639268794822448,0.17372142660091117,0.3676090772233023,17,fold-held-out conditional scenario; not causal PDP
Athens,dissolved_oxygen,7.25,0.2639268794822448,0.17372142660091117,0.3676090772233023,17,fold-held-out conditional scenario; not causal PDP
Athens,dissolved_oxygen,7.375,0.2639268794822448,0.17372142660091117,0.3676090772233023,17,fold-held-out conditional scenario; not causal PDP
Athens,dissolved_oxygen,7.5,0.2639268794822448,0.17372142660091117,0.3676090772233023,17,fold-held-out conditional scenario; not causal PDP
Athens,dissolved_oxygen,7.625,0.2639268794822448,0.17372142660091117,0.3676090772233023,17,fold-held-out conditional scenario; not causal PDP
Athens,dissolved_oxygen,7.75,0.2639268794822448,0.17372142660091117,0.3676090772233023,17,fold-held-out conditional scenario; not causal PDP
Athens,dissolved_oxygen,7.875,0.2639268794822448,0.17372142660091117,0.3676090772233023,17,fold-held-out conditional scenario; not causal PDP
Athens,dissolved_oxygen,8.0,0.2639268794822448,0.17372142660091117,0.3676090772233023,17,fold-held-out conditional scenario; not causal PDP
Athens,flow_velocity_ms,0.0,0.7912469545079205,0.6658653613591559,0.9044130474930344,17,fold-held-out conditional scenario; not causal PDP
Athens,flow_velocity_ms,0.012499999999999999,0.7887162222791576,0.6640207719802138,0.9026817921725392,17,fold-held-out conditional scenario; not causal PDP
Athens,flow_velocity_ms,0.024999999999999998,0.788453412950763,0.6638390590356111,0.9025521118592559,17,fold-held-out conditional scenario; not causal PDP
Athens,flow_velocity_ms,0.0375,0.7885848833158031,0.6638230380345522,0.9027934222444771,17,fold-held-out conditional scenario; not causal PDP
Athens,flow_velocity_ms,0.049999999999999996,0.7880390656091706,0.6636177128661772,0.9028105953796691,17,fold-held-out conditional scenario; not causal PDP
Athens,flow_velocity_ms,0.06249999999999999,0.7880314086864201,0.6635624566165258,0.9027687740669287,17,fold-held-out conditional scenario; not causal PDP
Athens,flow_velocity_ms,0.075,0.7878989365464697,0.6634837522394137,0.9027265797442251,17,fold-held-out conditional scenario; not causal PDP
Athens,flow_velocity_ms,0.0875,0.7871571551777277,0.6631930541645129,0.9015262776560609,17,fold-held-out conditional scenario; not causal PDP
Athens,flow_velocity_ms,0.09999999999999999,0.7872205281810092,0.6632231563410718,0.9015563798326196,17,fold-held-out conditional scenario; not causal PDP
Athens,flow_velocity_ms,0.11249999999999999,0.7875829018479152,0.6633210493068687,0.9020100832234624,17,fold-held-out conditional scenario; not causal PDP
Athens,flow_velocity_ms,0.12499999999999999,0.7874981901917364,0.6632017399425896,0.9020315100003505,17,fold-held-out conditional scenario; not causal PDP
Athens,flow_velocity_ms,0.13749999999999998,0.787369367060312,0.6628152705483161,0.9020315100003505,17,fold-held-out conditional scenario; not causal PDP
Athens,flow_velocity_ms,0.15,0.7874150900665006,0.662749296882808,0.9021864357558251,17,fold-held-out conditional scenario; not causal PDP
Athens,flow_velocity_ms,0.16249999999999998,0.7875951711113248,0.6629675214474025,0.9024531393349507,17,fold-held-out conditional scenario; not causal PDP
Athens,flow_velocity_ms,0.175,0.7873646643844897,0.6624472442037311,0.9023909837285709,17,fold-held-out conditional scenario; not causal PDP
Athens,flow_velocity_ms,0.18749999999999997,0.7873511138893283,0.6625001360927746,0.9023601200440348,17,fold-held-out conditional scenario; not causal PDP
Athens,flow_velocity_ms,0.19999999999999998,0.7869453583500726,0.6620391289656188,0.9021122732539697,17,fold-held-out conditional scenario; not causal PDP
Athens,flow_velocity_ms,0.2125,0.7864218469899481,0.6617356479021496,0.902062482145011,17,fold-held-out conditional scenario; not causal PDP
Athens,flow_velocity_ms,0.22499999999999998,0.7870759606234801,0.6623476377284083,0.9024961508687566,17,fold-held-out conditional scenario; not causal PDP
Athens,flow_velocity_ms,0.2375,0.7860827178186007,0.6613287079658442,0.9017802049929858,17,fold-held-out conditional scenario; not causal PDP
Athens,flow_velocity_ms,0.24999999999999997,0.7863098659053596,0.6615560684038669,0.9019689414141784,17,fold-held-out conditional scenario; not causal PDP
Athens,flow_velocity_ms,0.26249999999999996,0.7865300907785376,0.6614704119675957,0.9024178515298341,17,fold-held-out conditional scenario; not causal PDP
Athens,flow_velocity_ms,0.27499999999999997,0.7864317098780556,0.6613431522934603,0.9023158372736603,17,fold-held-out conditional scenario; not causal PDP
Athens,flow_velocity_ms,0.2875,0.7864356472082716,0.6613424893984619,0.9023484395341765,17,fold-held-out conditional scenario; not causal PDP
Athens,flow_velocity_ms,0.3,0.786451376114557,0.6613984919940207,0.9023535911756373,17,fold-held-out conditional scenario; not causal PDP
Athens,flow_velocity_ms,0.3125,0.7856262628626731,0.659304047757544,0.9018365652317845,17,fold-held-out conditional scenario; not causal PDP
Athens,flow_velocity_ms,0.32499999999999996,0.7851558219473215,0.6590571348569172,0.9013283219532067,17,fold-held-out conditional scenario; not causal PDP
Athens,flow_velocity_ms,0.33749999999999997,0.7851554836664806,0.6593006171075327,0.9011668536006181,17,fold-held-out conditional scenario; not causal PDP
Athens,flow_velocity_ms,0.35,0.7809838585322711,0.6543225628443845,0.8990298968216602,17,fold-held-out conditional scenario; not causal PDP
Athens,flow_velocity_ms,0.3625,0.7795038385346403,0.6529188883962159,0.8967010816786926,17,fold-held-out conditional scenario; not causal PDP
Athens,flow_velocity_ms,0.37499999999999994,0.778984219798236,0.6523648478826454,0.8961594402033103,17,fold-held-out conditional scenario; not causal PDP
Athens,flow_velocity_ms,0.38749999999999996,0.7782910609099255,0.651643146692552,0.8959902032835758,17,fold-held-out conditional scenario; not causal PDP
Athens,flow_velocity_ms,0.39999999999999997,0.778262019311439,0.6516729239158038,0.8959161376226322,17,fold-held-out conditional scenario; not causal PDP
Athens,flow_velocity_ms,0.4125,0.776022939868688,0.6483768448536654,0.894920468780882,17,fold-held-out conditional scenario; not causal PDP
Athens,flow_velocity_ms,0.425,0.774101402058975,0.6455706029623373,0.8944429432482633,17,fold-held-out conditional scenario; not causal PDP
Athens,flow_velocity_ms,0.43749999999999994,0.7737234113545849,0.6450663211423596,0.8939062443943219,17,fold-held-out conditional scenario; not causal PDP
Athens,flow_velocity_ms,0.44999999999999996,0.7725094387023829,0.6439084205167599,0.8935937511793469,17,fold-held-out conditional scenario; not causal PDP
Athens,flow_velocity_ms,0.46249999999999997,0.7708479974497652,0.6430804492864619,0.8927311462163551,17,fold-held-out conditional scenario; not causal PDP
Athens,flow_velocity_ms,0.475,0.7703734479230834,0.6424679234324219,0.8923521791939515,17,fold-held-out conditional scenario; not causal PDP
Athens,flow_velocity_ms,0.48749999999999993,0.7698773999655256,0.6421019497394141,0.8915170647576244,17,fold-held-out conditional scenario; not causal PDP
Athens,flow_velocity_ms,0.49999999999999994,0.769263485324497,0.6414104135354646,0.8907458647237496,17,fold-held-out conditional scenario; not causal PDP
Athens,flow_velocity_ms,0.5125,0.767819948910637,0.6405417816303994,0.8889354392038376,17,fold-held-out conditional scenario; not causal PDP
Athens,flow_velocity_ms,0.5249999999999999,0.7658244050735199,0.6387667409404578,0.8871377956549416,17,fold-held-out conditional scenario; not causal PDP
Athens,flow_velocity_ms,0.5375,0.7655359054949649,0.6385263859960707,0.8869854354122466,17,fold-held-out conditional scenario; not causal PDP
Athens,flow_velocity_ms,0.5499999999999999,0.7650414091588082,0.6382397291485766,0.886719623232937,17,fold-held-out conditional scenario; not causal PDP
Athens,flow_velocity_ms,0.5625,0.7650363022981158,0.6381381314913502,0.8866426113568696,17,fold-held-out conditional scenario; not causal PDP
Athens,flow_velocity_ms,0.575,0.7645720262855382,0.6377826997311312,0.88628689467355,17,fold-held-out conditional scenario; not causal PDP
Athens,flow_velocity_ms,0.5874999999999999,0.7645720262855382,0.6377826997311312,0.88628689467355,17,fold-held-out conditional scenario; not causal PDP
Athens,flow_velocity_ms,0.6,0.7645720262855382,0.6377826997311312,0.88628689467355,17,fold-held-out conditional scenario; not causal PDP
Coimbra,dissolved_oxygen,2.0,0.9393597580948629,0.9008530795987997,0.9693562664141889,17,fold-held-out conditional scenario; not causal PDP
Coimbra,dissolved_oxygen,2.125,0.9393597580948629,0.9008530795987997,0.9693562664141889,17,fold-held-out conditional scenario; not causal PDP
Coimbra,dissolved_oxygen,2.25,0.9393597580948629,0.9008530795987997,0.9693562664141889,17,fold-held-out conditional scenario; not causal PDP
Coimbra,dissolved_oxygen,2.375,0.9393597580948629,0.9008530795987997,0.9693562664141889,17,fold-held-out conditional scenario; not causal PDP
Coimbra,dissolved_oxygen,2.5,0.9393597580948629,0.9008530795987997,0.9693562664141889,17,fold-held-out conditional scenario; not causal PDP
Coimbra,dissolved_oxygen,2.625,0.9393597580948629,0.9008530795987997,0.9693562664141889,17,fold-held-out conditional scenario; not causal PDP
Coimbra,dissolved_oxygen,2.75,0.9393597580948629,0.9008530795987997,0.9693562664141889,17,fold-held-out conditional scenario; not causal PDP
Coimbra,dissolved_oxygen,2.875,0.9393597580948629,0.9008530795987997,0.9693562664141889,17,fold-held-out conditional scenario; not causal PDP
Coimbra,dissolved_oxygen,3.0,0.9393597580948629,0.9008530795987997,0.9693562664141889,17,fold-held-out conditional scenario; not causal PDP
Coimbra,dissolved_oxygen,3.125,0.9393597580948629,0.9008530795987997,0.9693562664141889,17,fold-held-out conditional scenario; not causal PDP
Coimbra,dissolved_oxygen,3.25,0.9393597580948629,0.9008530795987997,0.9693562664141889,17,fold-held-out conditional scenario; not causal PDP
Coimbra,dissolved_oxygen,3.375,0.9393597580948629,0.9008530795987997,0.9693562664141889,17,fold-held-out conditional scenario; not causal PDP
Coimbra,dissolved_oxygen,3.5,0.9393597580948629,0.9008530795987997,0.9693562664141889,17,fold-held-out conditional scenario; not causal PDP
Coimbra,dissolved_oxygen,3.625,0.9394157142317316,0.9009118335425119,0.9694122225510576,17,fold-held-out conditional scenario; not causal PDP
Coimbra,dissolved_oxygen,3.75,0.9395767424588293,0.901071067877926,0.9694834136400715,17,fold-held-out conditional scenario; not causal PDP
Coimbra,dissolved_oxygen,3.875,0.9402759352614684,0.9017409341606996,0.9699876950700934,17,fold-held-out conditional scenario; not causal PDP
Coimbra,dissolved_oxygen,4.0,0.9373899698004792,0.8967720001392426,0.9690757569558109,17,fold-held-out conditional scenario; not causal PDP
Coimbra,dissolved_oxygen,4.125,0.9373003814292074,0.8963275297824889,0.9691608588152848,17,fold-held-out conditional scenario; not causal PDP
Coimbra,dissolved_oxygen,4.25,0.9359976032875925,0.8933317709828303,0.9689268620102104,17,fold-held-out conditional scenario; not causal PDP
Coimbra,dissolved_oxygen,4.375,0.9311520619760235,0.8871308463702323,0.9657200178610812,17,fold-held-out conditional scenario; not causal PDP
Coimbra,dissolved_oxygen,4.5,0.8839137158108271,0.8220481703149791,0.9385896967518693,17,fold-held-out conditional scenario; not causal PDP
Coimbra,dissolved_oxygen,4.625,0.7918384564555853,0.6960500966257778,0.873935355136053,17,fold-held-out conditional scenario; not causal PDP
Coimbra,dissolved_oxygen,4.75,0.7832341453322013,0.6838641996934636,0.8697040967184768,17,fold-held-out conditional scenario; not causal PDP
Coimbra,dissolved_oxygen,4.875,0.7430126408958655,0.6305158436933447,0.8412969212841503,17,fold-held-out conditional scenario; not causal PDP
Coimbra,dissolved_oxygen,5.0,0.6582183044040762,0.524074956282424,0.785347256915722,17,fold-held-out conditional scenario; not causal PDP
Coimbra,dissolved_oxygen,5.125,0.5927306391915512,0.4474947605372357,0.7320458254294809,17,fold-held-out conditional scenario; not causal PDP
Coimbra,dissolved_oxygen,5.25,0.5416123502812562,0.39753273155237173,0.6765730348420195,17,fold-held-out conditional scenario; not causal PDP
Coimbra,dissolved_oxygen,5.375,0.4879710184626733,0.3503662912953876,0.6214839237395366,17,fold-held-out conditional scenario; not causal PDP
Coimbra,dissolved_oxygen,5.5,0.458624175537389,0.32074859962947494,0.5886223799766596,17,fold-held-out conditional scenario; not causal PDP
Coimbra,dissolved_oxygen,5.625,0.4218947561436287,0.2860759604871785,0.5491174539660785,17,fold-held-out conditional scenario; not causal PDP
Coimbra,dissolved_oxygen,5.75,0.3765800367901447,0.25729031507024813,0.5035640168779584,17,fold-held-out conditional scenario; not causal PDP
Coimbra,dissolved_oxygen,5.875,0.3585271272833581,0.2435728623649651,0.47808120607831334,17,fold-held-out conditional scenario; not causal PDP
Coimbra,dissolved_oxygen,6.0,0.329987669011418,0.22238373448290757,0.4416888358599538,17,fold-held-out conditional scenario; not causal PDP
Coimbra,dissolved_oxygen,6.125,0.32056128478706214,0.2152511400386719,0.43329899996834104,17,fold-held-out conditional scenario; not causal PDP
Coimbra,dissolved_oxygen,6.25,0.30947645543267766,0.20791936773503375,0.4125486707481795,17,fold-held-out conditional scenario; not causal PDP
Coimbra,dissolved_oxygen,6.375,0.29839601887385375,0.19341809915558186,0.40751415836826327,17,fold-held-out conditional scenario; not causal PDP
Coimbra,dissolved_oxygen,6.5,0.29522459341091467,0.1896030857656369,0.40461634477205827,17,fold-held-out conditional scenario; not causal PDP
Coimbra,dissolved_oxygen,6.625,0.2947666184746646,0.18885142395493834,0.4042738089949894,17,fold-held-out conditional scenario; not causal PDP
Coimbra,dissolved_oxygen,6.75,0.29468053552038764,0.18862976034767504,0.40423291959170776,17,fold-held-out conditional scenario; not causal PDP
Coimbra,dissolved_oxygen,6.875,0.29468053552038764,0.18862976034767504,0.40423291959170776,17,fold-held-out conditional scenario; not causal PDP
Coimbra,dissolved_oxygen,7.0,0.29468053552038764,0.18862976034767504,0.40423291959170776,17,fold-held-out conditional scenario; not causal PDP
Coimbra,dissolved_oxygen,7.125,0.29468053552038764,0.18862976034767504,0.40423291959170776,17,fold-held-out conditional scenario; not causal PDP
Coimbra,dissolved_oxygen,7.25,0.29468053552038764,0.18862976034767504,0.40423291959170776,17,fold-held-out conditional scenario; not causal PDP
Coimbra,dissolved_oxygen,7.375,0.29468053552038764,0.18862976034767504,0.40423291959170776,17,fold-held-out conditional scenario; not causal PDP
Coimbra,dissolved_oxygen,7.5,0.29468053552038764,0.18862976034767504,0.40423291959170776,17,fold-held-out conditional scenario; not causal PDP
Coimbra,dissolved_oxygen,7.625,0.29468053552038764,0.18862976034767504,0.40423291959170776,17,fold-held-out conditional scenario; not causal PDP
Coimbra,dissolved_oxygen,7.75,0.29468053552038764,0.18862976034767504,0.40423291959170776,17,fold-held-out conditional scenario; not causal PDP
Coimbra,dissolved_oxygen,7.875,0.29468053552038764,0.18862976034767504,0.40423291959170776,17,fold-held-out conditional scenario; not causal PDP
Coimbra,dissolved_oxygen,8.0,0.29468053552038764,0.18862976034767504,0.40423291959170776,17,fold-held-out conditional scenario; not causal PDP
Coimbra,flow_velocity_ms,0.0,0.5897467258741323,0.4190951820563951,0.7544617919991762,17,fold-held-out conditional scenario; not causal PDP
Coimbra,flow_velocity_ms,0.012499999999999999,0.5887161778825992,0.4183670181033557,0.7531586915817203,17,fold-held-out conditional scenario; not causal PDP
Coimbra,flow_velocity_ms,0.024999999999999998,0.5887990653662543,0.41849756589011233,0.7531980631364564,17,fold-held-out conditional scenario; not causal PDP
Coimbra,flow_velocity_ms,0.0375,0.5881908929979482,0.41771191289664494,0.7524979063237273,17,fold-held-out conditional scenario; not causal PDP
Coimbra,flow_velocity_ms,0.049999999999999996,0.5882605108477981,0.41771191289664494,0.7525344556948985,17,fold-held-out conditional scenario; not causal PDP
Coimbra,flow_velocity_ms,0.06249999999999999,0.5878015764897575,0.4173489092780284,0.7522610728162387,17,fold-held-out conditional scenario; not causal PDP
Coimbra,flow_velocity_ms,0.075,0.5872176746760146,0.4169724595305537,0.7519559710265922,17,fold-held-out conditional scenario; not causal PDP
Coimbra,flow_velocity_ms,0.0875,0.5856944471826067,0.41636593045818915,0.7511566633095766,17,fold-held-out conditional scenario; not causal PDP
Coimbra,flow_velocity_ms,0.09999999999999999,0.5857324234897286,0.4165140380559647,0.7511747020554596,17,fold-held-out conditional scenario; not causal PDP
Coimbra,flow_velocity_ms,0.11249999999999999,0.5855826584501388,0.4159299544015646,0.7511035636616545,17,fold-held-out conditional scenario; not causal PDP
Coimbra,flow_velocity_ms,0.12499999999999999,0.5861066006550112,0.41637096845426486,0.751173790178057,17,fold-held-out conditional scenario; not causal PDP
Coimbra,flow_velocity_ms,0.13749999999999998,0.5868343208182891,0.4167765446679415,0.7515933564822149,17,fold-held-out conditional scenario; not causal PDP
Coimbra,flow_velocity_ms,0.15,0.5869971628309846,0.4167765446679415,0.75167884853888,17,fold-held-out conditional scenario; not causal PDP
Coimbra,flow_velocity_ms,0.16249999999999998,0.5861453238660065,0.4167765446679415,0.7512316330822666,17,fold-held-out conditional scenario; not causal PDP
Coimbra,flow_velocity_ms,0.175,0.5865530768712739,0.4176406500809536,0.7518500853774824,17,fold-held-out conditional scenario; not causal PDP
Coimbra,flow_velocity_ms,0.18749999999999997,0.5861837850002847,0.4173790597252471,0.7517796548298789,17,fold-held-out conditional scenario; not causal PDP
Coimbra,flow_velocity_ms,0.19999999999999998,0.5859365128329288,0.41730699262025994,0.7516567217326652,17,fold-held-out conditional scenario; not causal PDP
Coimbra,flow_velocity_ms,0.2125,0.586194026233857,0.4175380297777332,0.7522654569008366,17,fold-held-out conditional scenario; not causal PDP
Coimbra,flow_velocity_ms,0.22499999999999998,0.5870489304584359,0.4182098796818581,0.7532746364577794,17,fold-held-out conditional scenario; not causal PDP
Coimbra,flow_velocity_ms,0.2375,0.5867915613583646,0.41829747080266416,0.7531175079525363,17,fold-held-out conditional scenario; not causal PDP
Coimbra,flow_velocity_ms,0.24999999999999997,0.5846069579212488,0.41557524303157223,0.7502218224373061,17,fold-held-out conditional scenario; not causal PDP
Coimbra,flow_velocity_ms,0.26249999999999996,0.5838355510127878,0.4145146060306162,0.7491521377874372,17,fold-held-out conditional scenario; not causal PDP
Coimbra,flow_velocity_ms,0.27499999999999997,0.5825291376231304,0.413484868747088,0.7487912605337518,17,fold-held-out conditional scenario; not causal PDP
Coimbra,flow_velocity_ms,0.2875,0.5802699202144372,0.4104042570074319,0.7466232748502305,17,fold-held-out conditional scenario; not causal PDP
Coimbra,flow_velocity_ms,0.3,0.5769113459319355,0.40652308020964517,0.7429737194983996,17,fold-held-out conditional scenario; not causal PDP
Coimbra,flow_velocity_ms,0.3125,0.5735123197084853,0.40231837708488233,0.7412727486649638,17,fold-held-out conditional scenario; not causal PDP
Coimbra,flow_velocity_ms,0.32499999999999996,0.5688415979961767,0.3975225995631545,0.7385865872530449,17,fold-held-out conditional scenario; not causal PDP
Coimbra,flow_velocity_ms,0.33749999999999997,0.5646182080353165,0.393826973852131,0.7327978165947757,17,fold-held-out conditional scenario; not causal PDP
Coimbra,flow_velocity_ms,0.35,0.5570190288792126,0.38504811516635773,0.7268155792145342,17,fold-held-out conditional scenario; not causal PDP
Coimbra,flow_velocity_ms,0.3625,0.552818638648488,0.3807042892000942,0.7225754969776957,17,fold-held-out conditional scenario; not causal PDP
Coimbra,flow_velocity_ms,0.37499999999999994,0.5499620083143913,0.3747723605282518,0.7202988327583062,17,fold-held-out conditional scenario; not causal PDP
Coimbra,flow_velocity_ms,0.38749999999999996,0.5458161279753456,0.3675242695855272,0.716903231771828,17,fold-held-out conditional scenario; not causal PDP
Coimbra,flow_velocity_ms,0.39999999999999997,0.5399678088304901,0.36123801087154195,0.7102004462445497,17,fold-held-out conditional scenario; not causal PDP
Coimbra,flow_velocity_ms,0.4125,0.5401385766256704,0.36130268832407525,0.7104613250700395,17,fold-held-out conditional scenario; not causal PDP
Coimbra,flow_velocity_ms,0.425,0.5392367373684461,0.36006168800246857,0.7095743794901734,17,fold-held-out conditional scenario; not causal PDP
Coimbra,flow_velocity_ms,0.43749999999999994,0.5377848914943354,0.35773755368775406,0.7089166309138866,17,fold-held-out conditional scenario; not causal PDP
Coimbra,flow_velocity_ms,0.44999999999999996,0.5376222544486943,0.3576269912069466,0.708778736009422,17,fold-held-out conditional scenario; not causal PDP
Coimbra,flow_velocity_ms,0.46249999999999997,0.5370553213187632,0.35594358671290444,0.7080522444029435,17,fold-held-out conditional scenario; not causal PDP
Coimbra,flow_velocity_ms,0.475,0.5348328574026905,0.3526224856858202,0.7071924756604765,17,fold-held-out conditional scenario; not causal PDP
Coimbra,flow_velocity_ms,0.48749999999999993,0.5322221479293419,0.34894450882211725,0.7051738721949136,17,fold-held-out conditional scenario; not causal PDP
Coimbra,flow_velocity_ms,0.49999999999999994,0.5293849866173782,0.3455384467837762,0.7037843797710946,17,fold-held-out conditional scenario; not causal PDP
Coimbra,flow_velocity_ms,0.5125,0.5267096039855442,0.34303799360486753,0.7023588695542372,17,fold-held-out conditional scenario; not causal PDP
Coimbra,flow_velocity_ms,0.5249999999999999,0.5262429991215566,0.3423702833672171,0.7023860648641261,17,fold-held-out conditional scenario; not causal PDP
Coimbra,flow_velocity_ms,0.5375,0.5248823706202133,0.34046973330089614,0.701511893110605,17,fold-held-out conditional scenario; not causal PDP
Coimbra,flow_velocity_ms,0.5499999999999999,0.5241919685998958,0.3404387677718143,0.7010929180095317,17,fold-held-out conditional scenario; not causal PDP
Coimbra,flow_velocity_ms,0.5625,0.522082256396567,0.3377659586290246,0.7004059599332648,17,fold-held-out conditional scenario; not causal PDP
Coimbra,flow_velocity_ms,0.575,0.5200430600244874,0.336478858635,0.7001056620642546,17,fold-held-out conditional scenario; not causal PDP
Coimbra,flow_velocity_ms,0.5874999999999999,0.520275279699899,0.336469342970731,0.7000980339472358,17,fold-held-out conditional scenario; not causal PDP
Coimbra,flow_velocity_ms,0.6,0.5203442193548327,0.3365020893068245,0.7002652126104503,17,fold-held-out conditional scenario; not causal PDP
Milan,dissolved_oxygen,2.0,0.8678511870891173,0.7969256844958951,0.9319833863710107,17,fold-held-out conditional scenario; not causal PDP
Milan,dissolved_oxygen,2.125,0.8678511870891173,0.7969256844958951,0.9319833863710107,17,fold-held-out conditional scenario; not causal PDP
Milan,dissolved_oxygen,2.25,0.8678511870891173,0.7969256844958951,0.9319833863710107,17,fold-held-out conditional scenario; not causal PDP
Milan,dissolved_oxygen,2.375,0.8678511870891173,0.7969256844958951,0.9319833863710107,17,fold-held-out conditional scenario; not causal PDP
Milan,dissolved_oxygen,2.5,0.8678511870891173,0.7969256844958951,0.9319833863710107,17,fold-held-out conditional scenario; not causal PDP
Milan,dissolved_oxygen,2.625,0.8678511870891173,0.7969256844958951,0.9319833863710107,17,fold-held-out conditional scenario; not causal PDP
Milan,dissolved_oxygen,2.75,0.8678511870891173,0.7969256844958951,0.9319833863710107,17,fold-held-out conditional scenario; not causal PDP
Milan,dissolved_oxygen,2.875,0.8678511870891173,0.7969256844958951,0.9319833863710107,17,fold-held-out conditional scenario; not causal PDP
Milan,dissolved_oxygen,3.0,0.8678511870891173,0.7969256844958951,0.9319833863710107,17,fold-held-out conditional scenario; not causal PDP
Milan,dissolved_oxygen,3.125,0.8678103660678651,0.7969256844958951,0.9318803132923487,17,fold-held-out conditional scenario; not causal PDP
Milan,dissolved_oxygen,3.25,0.8678103660678651,0.7969256844958951,0.9318803132923487,17,fold-held-out conditional scenario; not causal PDP
Milan,dissolved_oxygen,3.375,0.8667564894063501,0.7958833123406792,0.9317533909183947,17,fold-held-out conditional scenario; not causal PDP
Milan,dissolved_oxygen,3.5,0.867615035568472,0.7968460854795097,0.9320036685114277,17,fold-held-out conditional scenario; not causal PDP
Milan,dissolved_oxygen,3.625,0.8679144727346135,0.7972260813527533,0.9324787019999877,17,fold-held-out conditional scenario; not causal PDP
Milan,dissolved_oxygen,3.75,0.8685470268352316,0.7979614245849828,0.9331433916120561,17,fold-held-out conditional scenario; not causal PDP
Milan,dissolved_oxygen,3.875,0.8678075509670169,0.7974806669642022,0.9321001763259942,17,fold-held-out conditional scenario; not causal PDP
Milan,dissolved_oxygen,4.0,0.8635281565333291,0.792055877179355,0.9298888348100651,17,fold-held-out conditional scenario; not causal PDP
Milan,dissolved_oxygen,4.125,0.85593870838558,0.778158458271759,0.9269459979657387,17,fold-held-out conditional scenario; not causal PDP
Milan,dissolved_oxygen,4.25,0.843398341642734,0.7621671115592805,0.9182584911759661,17,fold-held-out conditional scenario; not causal PDP
Milan,dissolved_oxygen,4.375,0.7408253858697843,0.6214952342630162,0.8571277066425117,17,fold-held-out conditional scenario; not causal PDP
Milan,dissolved_oxygen,4.5,0.5437156198146325,0.3948255280835756,0.6951507660094084,17,fold-held-out conditional scenario; not causal PDP
Milan,dissolved_oxygen,4.625,0.5033921938610066,0.35284246173902345,0.6605370114340637,17,fold-held-out conditional scenario; not causal PDP
Milan,dissolved_oxygen,4.75,0.47936405348337285,0.3308597779211494,0.6380734425580287,17,fold-held-out conditional scenario; not causal PDP
Milan,dissolved_oxygen,4.875,0.4483653841166842,0.30121177517478326,0.6099732955035311,17,fold-held-out conditional scenario; not causal PDP
Milan,dissolved_oxygen,5.0,0.42910407181479693,0.27929821937235727,0.5910874683564339,17,fold-held-out conditional scenario; not causal PDP
Milan,dissolved_oxygen,5.125,0.38957889083751734,0.24641719817673152,0.5417753146358011,17,fold-held-out conditional scenario; not causal PDP
Milan,dissolved_oxygen,5.25,0.3683774328276406,0.2348101950070765,0.5133342392507446,17,fold-held-out conditional scenario; not causal PDP
Milan,dissolved_oxygen,5.375,0.34553436955064026,0.21124474575704233,0.4889964638937966,17,fold-held-out conditional scenario; not causal PDP
Milan,dissolved_oxygen,5.5,0.33915085330970046,0.20569435866356808,0.48554664606498565,17,fold-held-out conditional scenario; not causal PDP
Milan,dissolved_oxygen,5.625,0.33353296787015685,0.2023912431711345,0.47728527353796774,17,fold-held-out conditional scenario; not causal PDP
Milan,dissolved_oxygen,5.75,0.3306182187750649,0.20032194326185332,0.4738257865642738,17,fold-held-out conditional scenario; not causal PDP
Milan,dissolved_oxygen,5.875,0.32994441208574027,0.19996089460203498,0.47319220192071487,17,fold-held-out conditional scenario; not causal PDP
Milan,dissolved_oxygen,6.0,0.29481768462971364,0.17411478671487463,0.4287214412981897,17,fold-held-out conditional scenario; not causal PDP
Milan,dissolved_oxygen,6.125,0.29481768462971364,0.17411478671487463,0.4287214412981897,17,fold-held-out conditional scenario; not causal PDP
Milan,dissolved_oxygen,6.25,0.29481768462971364,0.17411478671487463,0.4287214412981897,17,fold-held-out conditional scenario; not causal PDP
Milan,dissolved_oxygen,6.375,0.29481768462971364,0.17411478671487463,0.4287214412981897,17,fold-held-out conditional scenario; not causal PDP
Milan,dissolved_oxygen,6.5,0.29481768462971364,0.17411478671487463,0.4287214412981897,17,fold-held-out conditional scenario; not causal PDP
Milan,dissolved_oxygen,6.625,0.29481768462971364,0.17411478671487463,0.4287214412981897,17,fold-held-out conditional scenario; not causal PDP
Milan,dissolved_oxygen,6.75,0.29481768462971364,0.17411478671487463,0.4287214412981897,17,fold-held-out conditional scenario; not causal PDP
Milan,dissolved_oxygen,6.875,0.29481768462971364,0.17411478671487463,0.4287214412981897,17,fold-held-out conditional scenario; not causal PDP
Milan,dissolved_oxygen,7.0,0.29481768462971364,0.17411478671487463,0.4287214412981897,17,fold-held-out conditional scenario; not causal PDP
Milan,dissolved_oxygen,7.125,0.29481768462971364,0.17411478671487463,0.4287214412981897,17,fold-held-out conditional scenario; not causal PDP
Milan,dissolved_oxygen,7.25,0.29481768462971364,0.17411478671487463,0.4287214412981897,17,fold-held-out conditional scenario; not causal PDP
Milan,dissolved_oxygen,7.375,0.29481768462971364,0.17411478671487463,0.4287214412981897,17,fold-held-out conditional scenario; not causal PDP
Milan,dissolved_oxygen,7.5,0.29481768462971364,0.17411478671487463,0.4287214412981897,17,fold-held-out conditional scenario; not causal PDP
Milan,dissolved_oxygen,7.625,0.29481768462971364,0.17411478671487463,0.4287214412981897,17,fold-held-out conditional scenario; not causal PDP
Milan,dissolved_oxygen,7.75,0.29481768462971364,0.17411478671487463,0.4287214412981897,17,fold-held-out conditional scenario; not causal PDP
Milan,dissolved_oxygen,7.875,0.29481768462971364,0.17411478671487463,0.4287214412981897,17,fold-held-out conditional scenario; not causal PDP
Milan,dissolved_oxygen,8.0,0.29481768462971364,0.17411478671487463,0.4287214412981897,17,fold-held-out conditional scenario; not causal PDP
Milan,flow_velocity_ms,0.0,0.7358198923761907,0.5731888067888202,0.8736871030910736,17,fold-held-out conditional scenario; not causal PDP
Milan,flow_velocity_ms,0.012499999999999999,0.7359394592141036,0.5731888067888202,0.8739262367668993,17,fold-held-out conditional scenario; not causal PDP
Milan,flow_velocity_ms,0.024999999999999998,0.7359394592141036,0.5731888067888202,0.8739262367668993,17,fold-held-out conditional scenario; not causal PDP
Milan,flow_velocity_ms,0.0375,0.7359394592141036,0.5731888067888202,0.8739262367668993,17,fold-held-out conditional scenario; not causal PDP
Milan,flow_velocity_ms,0.049999999999999996,0.7359297469065579,0.5731851239863908,0.8739243264285744,17,fold-held-out conditional scenario; not causal PDP
Milan,flow_velocity_ms,0.06249999999999999,0.7359297469065579,0.5731851239863908,0.8739243264285744,17,fold-held-out conditional scenario; not causal PDP
Milan,flow_velocity_ms,0.075,0.7358327183278978,0.5728940382504103,0.8739243264285744,17,fold-held-out conditional scenario; not causal PDP
Milan,flow_velocity_ms,0.0875,0.7358327183278978,0.5728940382504103,0.8739243264285744,17,fold-held-out conditional scenario; not causal PDP
Milan,flow_velocity_ms,0.09999999999999999,0.7358327183278978,0.5728940382504103,0.8739243264285744,17,fold-held-out conditional scenario; not causal PDP
Milan,flow_velocity_ms,0.11249999999999999,0.7358579437808042,0.5728940382504103,0.8739482906088355,17,fold-held-out conditional scenario; not causal PDP
Milan,flow_velocity_ms,0.12499999999999999,0.7347676960985619,0.5701850578165956,0.8738299222494318,17,fold-held-out conditional scenario; not causal PDP
Milan,flow_velocity_ms,0.13749999999999998,0.7346954993591421,0.5696636105188009,0.8739253849472447,17,fold-held-out conditional scenario; not causal PDP
Milan,flow_velocity_ms,0.15,0.7346954993591421,0.5696636105188009,0.8739253849472447,17,fold-held-out conditional scenario; not causal PDP
Milan,flow_velocity_ms,0.16249999999999998,0.7237252028412465,0.5528441843815213,0.8673724023575453,17,fold-held-out conditional scenario; not causal PDP
Milan,flow_velocity_ms,0.175,0.7237160849263266,0.5528552156517197,0.8673516242159423,17,fold-held-out conditional scenario; not causal PDP
Milan,flow_velocity_ms,0.18749999999999997,0.7227051007479744,0.5522248586493851,0.8665168558944634,17,fold-held-out conditional scenario; not causal PDP
Milan,flow_velocity_ms,0.19999999999999998,0.7251121541036322,0.552495515783769,0.8711809397922791,17,fold-held-out conditional scenario; not causal PDP
Milan,flow_velocity_ms,0.2125,0.7173373072376091,0.5470560805564345,0.8675043384333497,17,fold-held-out conditional scenario; not causal PDP
Milan,flow_velocity_ms,0.22499999999999998,0.7170000375904327,0.5464574209902723,0.8673372824992098,17,fold-held-out conditional scenario; not causal PDP
Milan,flow_velocity_ms,0.2375,0.7172418723651709,0.5468337564907023,0.8675369408742605,17,fold-held-out conditional scenario; not causal PDP
Milan,flow_velocity_ms,0.24999999999999997,0.7173785439300593,0.5468067153922004,0.8678811144860142,17,fold-held-out conditional scenario; not causal PDP
Milan,flow_velocity_ms,0.26249999999999996,0.7093598700267648,0.5335416024956812,0.8636110724802102,17,fold-held-out conditional scenario; not causal PDP
Milan,flow_velocity_ms,0.27499999999999997,0.7087358294978318,0.5329210369089253,0.8635675986633696,17,fold-held-out conditional scenario; not causal PDP
Milan,flow_velocity_ms,0.2875,0.7070514248268044,0.5304545129607454,0.8636469801473098,17,fold-held-out conditional scenario; not causal PDP
Milan,flow_velocity_ms,0.3,0.7035359670462543,0.5248542654319143,0.8620603086153628,17,fold-held-out conditional scenario; not causal PDP
Milan,flow_velocity_ms,0.3125,0.7091846125427934,0.5327955395188574,0.8626589870323564,17,fold-held-out conditional scenario; not causal PDP
Milan,flow_velocity_ms,0.32499999999999996,0.7119470170785523,0.5354451379867027,0.8660769378007366,17,fold-held-out conditional scenario; not causal PDP
Milan,flow_velocity_ms,0.33749999999999997,0.7126726087911218,0.5364752118527548,0.8663647083913816,17,fold-held-out conditional scenario; not causal PDP
Milan,flow_velocity_ms,0.35,0.7086274966015825,0.5285830644320968,0.8632659317515052,17,fold-held-out conditional scenario; not causal PDP
Milan,flow_velocity_ms,0.3625,0.7057220525299662,0.5240676532624227,0.8624620068148093,17,fold-held-out conditional scenario; not causal PDP
Milan,flow_velocity_ms,0.37499999999999994,0.703097679288593,0.5229868005012744,0.8604600007037121,17,fold-held-out conditional scenario; not causal PDP
Milan,flow_velocity_ms,0.38749999999999996,0.7001367057256944,0.5198395292156774,0.858066887308032,17,fold-held-out conditional scenario; not causal PDP
Milan,flow_velocity_ms,0.39999999999999997,0.6982396677562136,0.5206091160064664,0.8564505893452244,17,fold-held-out conditional scenario; not causal PDP
Milan,flow_velocity_ms,0.4125,0.6970239074027087,0.5196841216266102,0.8557769097068028,17,fold-held-out conditional scenario; not causal PDP
Milan,flow_velocity_ms,0.425,0.6921045668347068,0.5162959635240426,0.8491610196953397,17,fold-held-out conditional scenario; not causal PDP
Milan,flow_velocity_ms,0.43749999999999994,0.6925867413530129,0.5164433982981436,0.8495296571946002,17,fold-held-out conditional scenario; not causal PDP
Milan,flow_velocity_ms,0.44999999999999996,0.691681754478497,0.5167992748811626,0.8484492944684306,17,fold-held-out conditional scenario; not causal PDP
Milan,flow_velocity_ms,0.46249999999999997,0.6904916559301726,0.5162090935643927,0.8479129087892598,17,fold-held-out conditional scenario; not causal PDP
Milan,flow_velocity_ms,0.475,0.6911983336487753,0.5169571184005213,0.8487687790321529,17,fold-held-out conditional scenario; not causal PDP
Milan,flow_velocity_ms,0.48749999999999993,0.6912605972433408,0.517991223283544,0.8485966872815638,17,fold-held-out conditional scenario; not causal PDP
Milan,flow_velocity_ms,0.49999999999999994,0.6916649691109251,0.5182798108448635,0.848417968816764,17,fold-held-out conditional scenario; not causal PDP
Milan,flow_velocity_ms,0.5125,0.6922268640630255,0.5193184869791028,0.849217366590586,17,fold-held-out conditional scenario; not causal PDP
Milan,flow_velocity_ms,0.5249999999999999,0.6926187420951335,0.521171453747574,0.8484846719984075,17,fold-held-out conditional scenario; not causal PDP
Milan,flow_velocity_ms,0.5375,0.6928793931869603,0.5214492201955218,0.848286263839446,17,fold-held-out conditional scenario; not causal PDP
Milan,flow_velocity_ms,0.5499999999999999,0.6920117540593246,0.5191559225662622,0.8473733129651109,17,fold-held-out conditional scenario; not causal PDP
Milan,flow_velocity_ms,0.5625,0.6910701559684819,0.5185154509347333,0.845882013456082,17,fold-held-out conditional scenario; not causal PDP
Milan,flow_velocity_ms,0.575,0.690534705260334,0.5179991385201244,0.8457649723216364,17,fold-held-out conditional scenario; not causal PDP
Milan,flow_velocity_ms,0.5874999999999999,0.6903710788291931,0.5178653137214457,0.845676447952406,17,fold-held-out conditional scenario; not causal PDP
Milan,flow_velocity_ms,0.6,0.690217295325468,0.518892830028267,0.8455341566210102,17,fold-held-out conditional scenario; not causal PDP
Toulouse,dissolved_oxygen,2.0,0.8724328680248966,0.7806378017107879,0.9568342794653578,17,fold-held-out conditional scenario; not causal PDP
Toulouse,dissolved_oxygen,2.125,0.8724328680248966,0.7806378017107879,0.9568342794653578,17,fold-held-out conditional scenario; not causal PDP
Toulouse,dissolved_oxygen,2.25,0.8724328680248966,0.7806378017107879,0.9568342794653578,17,fold-held-out conditional scenario; not causal PDP
Toulouse,dissolved_oxygen,2.375,0.8724328680248966,0.7806378017107879,0.9568342794653578,17,fold-held-out conditional scenario; not causal PDP
Toulouse,dissolved_oxygen,2.5,0.8724328680248966,0.7806378017107879,0.9568342794653578,17,fold-held-out conditional scenario; not causal PDP
Toulouse,dissolved_oxygen,2.625,0.8724328680248966,0.7806378017107879,0.9568342794653578,17,fold-held-out conditional scenario; not causal PDP
Toulouse,dissolved_oxygen,2.75,0.8724328680248966,0.7806378017107879,0.9568342794653578,17,fold-held-out conditional scenario; not causal PDP
Toulouse,dissolved_oxygen,2.875,0.8724328680248966,0.7806378017107879,0.9568342794653578,17,fold-held-out conditional scenario; not causal PDP
Toulouse,dissolved_oxygen,3.0,0.8724328680248966,0.7806378017107879,0.9568342794653578,17,fold-held-out conditional scenario; not causal PDP
Toulouse,dissolved_oxygen,3.125,0.8724328680248966,0.7806378017107879,0.9568342794653578,17,fold-held-out conditional scenario; not causal PDP
Toulouse,dissolved_oxygen,3.25,0.8724328680248966,0.7806378017107879,0.9568342794653578,17,fold-held-out conditional scenario; not causal PDP
Toulouse,dissolved_oxygen,3.375,0.8724444553773606,0.7806433057032083,0.9568635375303294,17,fold-held-out conditional scenario; not causal PDP
Toulouse,dissolved_oxygen,3.5,0.87247171259488,0.7806772283676627,0.9569016197722149,17,fold-held-out conditional scenario; not causal PDP
Toulouse,dissolved_oxygen,3.625,0.8727553456404673,0.7810159283558429,0.9570248306699475,17,fold-held-out conditional scenario; not causal PDP
Toulouse,dissolved_oxygen,3.75,0.8731011100181416,0.7813104225086767,0.9573705117518323,17,fold-held-out conditional scenario; not causal PDP
Toulouse,dissolved_oxygen,3.875,0.8733869850319035,0.7822208636637122,0.957755322023818,17,fold-held-out conditional scenario; not causal PDP
Toulouse,dissolved_oxygen,4.0,0.8733088939303884,0.7819537269903236,0.9578355568173322,17,fold-held-out conditional scenario; not causal PDP
Toulouse,dissolved_oxygen,4.125,0.8728729107235992,0.7826474404198482,0.955677106608938,17,fold-held-out conditional scenario; not causal PDP
Toulouse,dissolved_oxygen,4.25,0.8662231524631171,0.7738022469933715,0.9504896756198564,17,fold-held-out conditional scenario; not causal PDP
Toulouse,dissolved_oxygen,4.375,0.8499443923542349,0.7519267511056863,0.9403636956834699,17,fold-held-out conditional scenario; not causal PDP
Toulouse,dissolved_oxygen,4.5,0.7724907872608836,0.6586932708470693,0.879478061094224,17,fold-held-out conditional scenario; not causal PDP
Toulouse,dissolved_oxygen,4.625,0.7299557409114283,0.6047427703068917,0.8433619654986447,17,fold-held-out conditional scenario; not causal PDP
Toulouse,dissolved_oxygen,4.75,0.7161650502523558,0.5932358831870966,0.8276576570794218,17,fold-held-out conditional scenario; not causal PDP
Toulouse,dissolved_oxygen,4.875,0.6929764404579009,0.5726989187855063,0.805025383872982,17,fold-held-out conditional scenario; not causal PDP
Toulouse,dissolved_oxygen,5.0,0.6771907302537618,0.5560429643987069,0.788489727087525,17,fold-held-out conditional scenario; not causal PDP
Toulouse,dissolved_oxygen,5.125,0.6458053559935044,0.5288975501428598,0.7600177051293399,17,fold-held-out conditional scenario; not causal PDP
Toulouse,dissolved_oxygen,5.25,0.6094412753448152,0.489849801419034,0.724289530417468,17,fold-held-out conditional scenario; not causal PDP
Toulouse,dissolved_oxygen,5.375,0.5835145327048507,0.4634226506755576,0.7001606381454867,17,fold-held-out conditional scenario; not causal PDP
Toulouse,dissolved_oxygen,5.5,0.5547276612674946,0.4401997269884267,0.6698558426347646,17,fold-held-out conditional scenario; not causal PDP
Toulouse,dissolved_oxygen,5.625,0.532953463611864,0.4245028767866749,0.6460816747396341,17,fold-held-out conditional scenario; not causal PDP
Toulouse,dissolved_oxygen,5.75,0.5330562361310524,0.42496907963254843,0.6455539998055546,17,fold-held-out conditional scenario; not causal PDP
Toulouse,dissolved_oxygen,5.875,0.5296092836719521,0.42034298586044244,0.6418097502405611,17,fold-held-out conditional scenario; not causal PDP
Toulouse,dissolved_oxygen,6.0,0.5184255859690976,0.4037813288777479,0.6316602388957817,17,fold-held-out conditional scenario; not causal PDP
Toulouse,dissolved_oxygen,6.125,0.5116137326136854,0.3935119252851427,0.6268283289253334,17,fold-held-out conditional scenario; not causal PDP
Toulouse,dissolved_oxygen,6.25,0.51049223484118,0.39149133079886106,0.6263494495167615,17,fold-held-out conditional scenario; not causal PDP
Toulouse,dissolved_oxygen,6.375,0.5108612029752673,0.39241319408225095,0.6264332508651639,17,fold-held-out conditional scenario; not causal PDP
Toulouse,dissolved_oxygen,6.5,0.5110212496460566,0.3927212856529646,0.6265172753673284,17,fold-held-out conditional scenario; not causal PDP
Toulouse,dissolved_oxygen,6.625,0.5110212496460566,0.3927212856529646,0.6265172753673284,17,fold-held-out conditional scenario; not causal PDP
Toulouse,dissolved_oxygen,6.75,0.5110212496460566,0.3927212856529646,0.6265172753673284,17,fold-held-out conditional scenario; not causal PDP
Toulouse,dissolved_oxygen,6.875,0.5110212496460566,0.3927212856529646,0.6265172753673284,17,fold-held-out conditional scenario; not causal PDP
Toulouse,dissolved_oxygen,7.0,0.5110212496460566,0.3927212856529646,0.6265172753673284,17,fold-held-out conditional scenario; not causal PDP
Toulouse,dissolved_oxygen,7.125,0.5110212496460566,0.3927212856529646,0.6265172753673284,17,fold-held-out conditional scenario; not causal PDP
Toulouse,dissolved_oxygen,7.25,0.5110212496460566,0.3927212856529646,0.6265172753673284,17,fold-held-out conditional scenario; not causal PDP
Toulouse,dissolved_oxygen,7.375,0.5110212496460566,0.3927212856529646,0.6265172753673284,17,fold-held-out conditional scenario; not causal PDP
Toulouse,dissolved_oxygen,7.5,0.5110212496460566,0.3927212856529646,0.6265172753673284,17,fold-held-out conditional scenario; not causal PDP
Toulouse,dissolved_oxygen,7.625,0.5110212496460566,0.3927212856529646,0.6265172753673284,17,fold-held-out conditional scenario; not causal PDP
Toulouse,dissolved_oxygen,7.75,0.5110212496460566,0.3927212856529646,0.6265172753673284,17,fold-held-out conditional scenario; not causal PDP
Toulouse,dissolved_oxygen,7.875,0.5110212496460566,0.3927212856529646,0.6265172753673284,17,fold-held-out conditional scenario; not causal PDP
Toulouse,dissolved_oxygen,8.0,0.5110212496460566,0.3927212856529646,0.6265172753673284,17,fold-held-out conditional scenario; not causal PDP
Toulouse,flow_velocity_ms,0.0,0.7752650049005613,0.6541845588772668,0.903178073768087,17,fold-held-out conditional scenario; not causal PDP
Toulouse,flow_velocity_ms,0.012499999999999999,0.7744118227861412,0.6528726980278687,0.9030982413048501,17,fold-held-out conditional scenario; not causal PDP
Toulouse,flow_velocity_ms,0.024999999999999998,0.7741432973806694,0.6524631967845244,0.9030982413048501,17,fold-held-out conditional scenario; not causal PDP
Toulouse,flow_velocity_ms,0.0375,0.774124247763072,0.6524566230435744,0.9030685549717061,17,fold-held-out conditional scenario; not causal PDP
Toulouse,flow_velocity_ms,0.049999999999999996,0.774124247763072,0.6524566230435744,0.9030685549717061,17,fold-held-out conditional scenario; not causal PDP
Toulouse,flow_velocity_ms,0.06249999999999999,0.7740858863011983,0.6522505023894303,0.9031275722516792,17,fold-held-out conditional scenario; not causal PDP
Toulouse,flow_velocity_ms,0.075,0.7735492475126533,0.6516498242665884,0.9024941372873969,17,fold-held-out conditional scenario; not causal PDP
Toulouse,flow_velocity_ms,0.0875,0.7731825583653367,0.6514653634042985,0.9022080073747965,17,fold-held-out conditional scenario; not causal PDP
Toulouse,flow_velocity_ms,0.09999999999999999,0.772779196185493,0.6507051625233885,0.9021589553890147,17,fold-held-out conditional scenario; not causal PDP
Toulouse,flow_velocity_ms,0.11249999999999999,0.7726765432791237,0.6505420057451138,0.9022365360278121,17,fold-held-out conditional scenario; not causal PDP
Toulouse,flow_velocity_ms,0.12499999999999999,0.7724271936033502,0.650329021651153,0.9020590368662061,17,fold-held-out conditional scenario; not causal PDP
Toulouse,flow_velocity_ms,0.13749999999999998,0.771425838333145,0.6487165878340829,0.9018179259359673,17,fold-held-out conditional scenario; not causal PDP
Toulouse,flow_velocity_ms,0.15,0.7710522760367031,0.6480361477729902,0.9016977605142521,17,fold-held-out conditional scenario; not causal PDP
Toulouse,flow_velocity_ms,0.16249999999999998,0.7715331223959719,0.6485728240834842,0.9019760818405984,17,fold-held-out conditional scenario; not causal PDP
Toulouse,flow_velocity_ms,0.175,0.7703513585343638,0.6470185215238371,0.9013743601009359,17,fold-held-out conditional scenario; not causal PDP
Toulouse,flow_velocity_ms,0.18749999999999997,0.769321739950571,0.6457381063598974,0.9010244049754597,17,fold-held-out conditional scenario; not causal PDP
Toulouse,flow_velocity_ms,0.19999999999999998,0.7687651116366031,0.6450567624774232,0.9007315268075065,17,fold-held-out conditional scenario; not causal PDP
Toulouse,flow_velocity_ms,0.2125,0.7683433437175048,0.6442132266392268,0.9005311870459348,17,fold-held-out conditional scenario; not causal PDP
Toulouse,flow_velocity_ms,0.22499999999999998,0.7671490906214427,0.6425102485216557,0.8996042344945631,17,fold-held-out conditional scenario; not causal PDP
Toulouse,flow_velocity_ms,0.2375,0.7669255476877456,0.6423019213574295,0.8992948733457521,17,fold-held-out conditional scenario; not causal PDP
Toulouse,flow_velocity_ms,0.24999999999999997,0.7642921429830192,0.6401671885110843,0.8981995674746449,17,fold-held-out conditional scenario; not causal PDP
Toulouse,flow_velocity_ms,0.26249999999999996,0.759253035404266,0.6335963146910081,0.8964054705936849,17,fold-held-out conditional scenario; not causal PDP
Toulouse,flow_velocity_ms,0.27499999999999997,0.7589353536617347,0.6332193979747047,0.8960424428939033,17,fold-held-out conditional scenario; not causal PDP
Toulouse,flow_velocity_ms,0.2875,0.758673053952365,0.6328897756759431,0.8955099050750366,17,fold-held-out conditional scenario; not causal PDP
Toulouse,flow_velocity_ms,0.3,0.7581976162281449,0.6327035780280192,0.8949690082284759,17,fold-held-out conditional scenario; not causal PDP
Toulouse,flow_velocity_ms,0.3125,0.7485699718490223,0.6204863090331549,0.8889561046752612,17,fold-held-out conditional scenario; not causal PDP
Toulouse,flow_velocity_ms,0.32499999999999996,0.7470765027838677,0.6161057650475658,0.8883367873171473,17,fold-held-out conditional scenario; not causal PDP
Toulouse,flow_velocity_ms,0.33749999999999997,0.7425853434074107,0.6118906442348977,0.8854579704055372,17,fold-held-out conditional scenario; not causal PDP
Toulouse,flow_velocity_ms,0.35,0.7342388855920126,0.5991082238759313,0.8810434547564439,17,fold-held-out conditional scenario; not causal PDP
Toulouse,flow_velocity_ms,0.3625,0.7246230955890238,0.5893944066737398,0.8742591104646558,17,fold-held-out conditional scenario; not causal PDP
Toulouse,flow_velocity_ms,0.37499999999999994,0.7044858185496666,0.5599768050411148,0.860861677648224,17,fold-held-out conditional scenario; not causal PDP
Toulouse,flow_velocity_ms,0.38749999999999996,0.6988638840458555,0.5528038322754456,0.8593209787852993,17,fold-held-out conditional scenario; not causal PDP
Toulouse,flow_velocity_ms,0.39999999999999997,0.6996749814272388,0.5559551789352509,0.8627167603284467,17,fold-held-out conditional scenario; not causal PDP
Toulouse,flow_velocity_ms,0.4125,0.6980364599127715,0.5552795375156008,0.8622690655577647,17,fold-held-out conditional scenario; not causal PDP
Toulouse,flow_velocity_ms,0.425,0.6976260110096427,0.554903381837349,0.8617307352434422,17,fold-held-out conditional scenario; not causal PDP
Toulouse,flow_velocity_ms,0.43749999999999994,0.6973280234343975,0.5546747423383068,0.8614311776274246,17,fold-held-out conditional scenario; not causal PDP
Toulouse,flow_velocity_ms,0.44999999999999996,0.6965476126076843,0.5570390493094094,0.8592518038315173,17,fold-held-out conditional scenario; not causal PDP
Toulouse,flow_velocity_ms,0.46249999999999997,0.6909074939654215,0.5512413221356588,0.8544602647100108,17,fold-held-out conditional scenario; not causal PDP
Toulouse,flow_velocity_ms,0.475,0.6884325798066705,0.548976127454897,0.8500877290088272,17,fold-held-out conditional scenario; not causal PDP
Toulouse,flow_velocity_ms,0.48749999999999993,0.6859243069542518,0.5439951693196092,0.8488757768713389,17,fold-held-out conditional scenario; not causal PDP
Toulouse,flow_velocity_ms,0.49999999999999994,0.6804997561469828,0.5318150810915995,0.845926397623643,17,fold-held-out conditional scenario; not causal PDP
Toulouse,flow_velocity_ms,0.5125,0.6604514861159919,0.5032980489528229,0.8317278902157049,17,fold-held-out conditional scenario; not causal PDP
Toulouse,flow_velocity_ms,0.5249999999999999,0.6588851317705422,0.5015965052205555,0.8311990415416857,17,fold-held-out conditional scenario; not causal PDP
Toulouse,flow_velocity_ms,0.5375,0.6579689969824347,0.5006073932538979,0.8308403271581528,17,fold-held-out conditional scenario; not causal PDP
Toulouse,flow_velocity_ms,0.5499999999999999,0.6575402746552904,0.5000506289465576,0.8308760432784414,17,fold-held-out conditional scenario; not causal PDP
Toulouse,flow_velocity_ms,0.5625,0.6582405976454673,0.5009163202505453,0.8315126168408814,17,fold-held-out conditional scenario; not causal PDP
Toulouse,flow_velocity_ms,0.575,0.6603071573968473,0.5055976429898156,0.8317624480363985,17,fold-held-out conditional scenario; not causal PDP
Toulouse,flow_velocity_ms,0.5874999999999999,0.6588017678157786,0.5051370536485659,0.8301668797338622,17,fold-held-out conditional scenario; not causal PDP
Toulouse,flow_velocity_ms,0.6,0.6590169308048754,0.5059170874710635,0.8301888016511917,17,fold-held-out conditional scenario; not causal PDP
