station_id,city,held_out_city,outcome,treatment,outcome_residual,treatment_residual,influence
COI_00,Coimbra,Coimbra,1,5.04,0.6118595238095236,-0.15479272594072846,-0.2108065435671085
COI_01,Coimbra,Coimbra,1,3.69,0.1142580086580085,-0.3183286075036045,-0.018724409130114094
COI_02,Coimbra,Coimbra,0,6.05,-0.4082919413919414,1.074223196215545,-0.2717223002798418
COI_03,Coimbra,Coimbra,0,6.06,-0.27645074370074374,0.6869981442119917,-0.13638439037703728
COI_04,Coimbra,Coimbra,0,6.18,-0.4541633477633478,0.9861423181263111,-0.4165272635111333
COI_05,Coimbra,Coimbra,0,6.33,-0.2617290043290044,0.7110847933961404,-0.10450797539066674
COI_06,Coimbra,Coimbra,0,5.17,-0.44302575757575774,0.15090231035630364,-0.14484420913213147
COI_07,Coimbra,Coimbra,1,5.44,0.45579891774891745,0.6683404392829377,1.0318029025270223
COI_08,Coimbra,Coimbra,0,5.43,-0.7168428071928074,1.0946662285492312,-1.0712739543490006
COI_09,Coimbra,Coimbra,1,4.39,0.26543484848484833,-0.38652800160950385,-0.14497691095832962
COI_10,Coimbra,Coimbra,0,6.42,-0.3956131535131536,1.2710022307692297,-0.11393985752820723
COI_11,Coimbra,Coimbra,0,5.09,-0.590177944277944,-0.014833112665118442,0.021129391638214895
COI_12,Coimbra,Coimbra,1,5.91,0.7313729492729493,0.9092666144084687,2.1522523373920115
COI_13,Coimbra,Coimbra,0,4.53,-0.37416539016539024,-0.6168420137640158,0.8101576646546166
COI_14,Coimbra,Coimbra,0,5.64,-0.11352857142857144,-0.05403655125919915,0.016675060657628703
COI_15,Coimbra,Coimbra,1,4.72,0.3940688811188814,-0.4735694234099297,-0.29577925360413254
COI_16,Coimbra,Coimbra,1,3.99,0.1899499999999995,-0.8674952632367638,0.11338875023580265
TOU_00,Toulouse,Toulouse,1,3.83,0.5541104617604615,-0.9373247377622427,-0.6513410713137148
TOU_01,Toulouse,Toulouse,0,6.06,-0.13947779997779997,0.26118046536796324,-0.041231313802232356
TOU_02,Toulouse,Toulouse,0,5.62,-0.5757754911754912,1.0238773457098445,-0.7047911485389453
TOU_03,Toulouse,Toulouse,0,5.01,-0.7281442723942727,0.19998918736818272,-0.3219886193575685
TOU_04,Toulouse,Toulouse,1,3.87,0.16396411921411902,-0.8157383645798619,0.12890956429980982
TOU_05,Toulouse,Toulouse,1,2.88,0.19878621933621898,-1.2091355186480195,0.41146068251167517
TOU_06,Toulouse,Toulouse,1,4.3,0.3609375901875903,0.13530761050060836,0.12941341901043582
TOU_07,Toulouse,Toulouse,0,5.96,-0.6008824841824841,1.1623813799533806,-0.7613304910216682
TOU_08,Toulouse,Toulouse,1,3.47,0.09637301587301583,-0.49192060955710737,0.049829953907700085
TOU_09,Toulouse,Toulouse,1,3.98,0.08184206349206347,0.06914371367521444,0.016791618715373262
TOU_10,Toulouse,Toulouse,0,6.17,-0.162830735930736,0.3641285151515108,-0.05254284486085614
TOU_11,Toulouse,Toulouse,0,5.53,-0.586651825951826,0.4103080300255284,-0.4631803746617183
TOU_12,Toulouse,Toulouse,0,7.19,-0.25537215007215014,1.2740186854256823,0.3165958172761397
TOU_13,Toulouse,Toulouse,1,4.16,0.3046399489399487,-0.07662289488289797,-0.05197812809415497
TOU_14,Toulouse,Toulouse,1,3.81,0.196311233211233,-0.6958351357531352,-0.00033825957004980265
TOU_15,Toulouse,Toulouse,0,4.58,-0.6888186868686871,0.4255213287823283,-0.5801742442642445
TOU_16,Toulouse,Toulouse,1,4.53,0.16283028083028095,0.024249749417248445,0.009860634698414954
ANT_00,Antwerp,Antwerp,1,5.09,0.37509593739593716,0.3736511502941493,0.43020756753752665
ANT_01,Antwerp,Antwerp,0,6.95,-0.06947411477411475,0.8596171974136908,0.3559903330421078
ANT_02,Antwerp,Antwerp,1,5.67,0.5579297979797981,0.5144678196803154,0.8667071065249035
ANT_03,Antwerp,Antwerp,0,5.42,-0.28234020424020456,0.11301381335331229,-0.06784643952174242
ANT_04,Antwerp,Antwerp,1,5.68,0.5247132756132757,0.6264600379065373,1.0528940521220587
ANT_05,Antwerp,Antwerp,0,6.55,-0.19132698412698415,0.5026196544011476,-0.059836293794542514
ANT_06,Antwerp,Antwerp,1,4.28,0.4638942279942283,-0.8511681137751133,-0.4569674987002046
ANT_07,Antwerp,Antwerp,0,5.48,-0.24845663780663796,0.02980776751025971,-0.017149366130697168
ANT_08,Antwerp,Antwerp,1,4.72,0.5107664502164504,-0.2920635604395603,-0.2999076580405807
ANT_09,Antwerp,Antwerp,1,4.2,0.672351370851371,-1.2486039824064905,-0.9589552075258488
ANT_10,Antwerp,Antwerp,1,4.57,0.41150930735930735,-0.2680819045399039,-0.2158516317867195
ANT_11,Antwerp,Antwerp,1,5.83,0.4747070485070489,0.7984255824175817,1.3389687079457087
ANT_12,Antwerp,Antwerp,0,5.85,-0.12310483405483412,-0.05247091486291833,0.01734069636989237
ANT_13,Antwerp,Antwerp,1,4.32,0.4117934343434345,-0.34002098301698513,-0.2574842355991868
ANT_14,Antwerp,Antwerp,0,5.81,-0.15046288156288157,0.04207192612942556,-0.013975898021451485
ANT_15,Antwerp,Antwerp,1,5.51,0.5593610167610168,0.37648817698968084,0.6004604103201098
ANT_16,Antwerp,Antwerp,0,5.99,-0.13080396825396828,0.34290494327894194,-0.028075629026797527
ATH_00,Athens,Athens,1,3.8,0.05082380952380938,-0.1164838472083467,-0.005023693118955672
ATH_01,Athens,Athens,1,3.97,0.08553492063491996,-0.1146351266511263,-0.01462368711470038
ATH_02,Athens,Athens,1,2.89,0.1599800865800861,-1.014045004329006,0.3057584716282812
ATH_03,Athens,Athens,0,4.02,-0.442362481962482,-0.8636317330447296,1.4194099873980404
ATH_04,Athens,Athens,1,4.08,0.5961653679653679,-0.6292797373737349,-0.6316429371960005
ATH_05,Athens,Athens,1,4.35,0.5364573593073592,-0.3585530727050674,-0.37415702030681336
ATH_06,Athens,Athens,1,4.15,0.12647539682539644,0.10706784010434145,0.040197325037590166
ATH_07,Athens,Athens,1,3.71,0.10425555555555532,-0.19782328860028953,-0.02299585009316529
ATH_08,Athens,Athens,1,2.09,0.14212532467532424,-1.8964083434343446,1.7832149650800198
ATH_09,Athens,Athens,0,5.09,-0.39630930735930747,0.32599143939394004,-0.23785182456651024
ATH_10,Athens,Athens,1,4.08,0.5083256854256858,-0.2849076948051943,-0.29227007497848057
ATH_11,Athens,Athens,1,3.63,0.5491920634920634,-1.1737330461760411,-0.6143587772516726
ATH_12,Athens,Athens,1,4.16,0.4326733044733042,-0.35917006349206293,-0.2853130047195068
ATH_13,Athens,Athens,0,4.59,-0.7943751082251087,0.6739852330447316,-0.976335071013197
ATH_14,Athens,Athens,1,4.06,0.1861961760461759,-0.05278311016761261,-0.021672544782457965
ATH_15,Athens,Athens,1,3.97,0.21799675324675316,-0.330791065101566,-0.09891632350031576
ATH_16,Athens,Athens,1,3.68,0.3141985569985566,-0.4902357034632039,-0.20682796738868645
MIL_00,Milan,Milan,1,4.97,0.16336991341991358,0.8136591302308824,0.7657604861708746
MIL_01,Milan,Milan,1,4.12,0.09510086580086619,0.04563330669331034,0.011807508650070832
MIL_02,Milan,Milan,1,4.44,0.14416760461760447,0.34746109651459633,0.20160207722789295
MIL_03,Milan,Milan,0,6.78,-0.14430461760461777,1.019922556443559,0.34989702894588276
MIL_04,Milan,Milan,1,4.2,0.6253665223665221,-0.7692922079587081,-0.7532667429407782
MIL_05,Milan,Milan,1,5.26,0.3799229437229438,0.503775411088915,0.6301340053825693
MIL_06,Milan,Milan,1,4.22,0.548220779220779,-0.33345014596514577,-0.36301650675140185
MIL_07,Milan,Milan,1,4.23,0.6825001443001445,-0.3134874963924972,-0.44639797004868664
MIL_08,Milan,Milan,1,4.41,0.31665079365079396,-0.018394402763902917,-0.013731044393865167
MIL_09,Milan,Milan,1,3.36,0.0661357142857143,-0.6157808261738267,0.1585187338258772
MIL_10,Milan,Milan,0,5.02,-0.25919350649350653,0.24313275757576136,-0.11110520239510105
MIL_11,Milan,Milan,1,3.36,0.3277691919191916,-0.8259046587301557,-0.1880502375671704
MIL_12,Milan,Milan,1,4.12,0.39859112554112563,-0.39075685825285955,-0.270149217001424
MIL_13,Milan,Milan,0,4.8,-0.7011859307359303,0.4513988325563316,-0.6209462133589152
MIL_14,Milan,Milan,1,3.58,0.0780412698412698,-0.26224786585636206,-0.0025967300366017032
MIL_15,Milan,Milan,1,3.95,0.20643023088023105,-0.1208039783549788,-0.049909600173915845
MIL_16,Milan,Milan,1,4.05,0.07636428571428577,-0.26223102089577477,-0.0015455985753078973
