feature,mean_abs_shap,n,rank
dissolved_oxygen,0.8621044937580111,17.0,1
oxygen_sat_ratio,0.618603156634778,17.0,2
oxygen_deficit,0.23869887917538204,17.0,3
green_gray_ratio,0.2360293203591186,17.0,4
ammonium_fraction,0.22430116701390945,17.0,5
stream_power_proxy,0.1896129696403385,17.0,6
imperviousness_500m,0.1712075352189006,17.0,7
gdd_7d,0.1611305744363997,17.0,8
gdd_14d,0.15990895468124244,17.0,9
organic_stress_index,0.12458844622106915,17.0,10
ph,0.11800775399781935,17.0,11
nitrate_no3,0.1159775942325862,17.0,12
temp_sd_21d,0.1126722496356711,17.0,13
ammonium_nh4,0.11173213120542136,17.0,14
canopy_cover_pct,0.09327379347802411,17.0,15
conductivity,0.0857869588380235,17.0,16
temp_sd_14d,0.08244479490908678,17.0,17
delta_precip_7_14,0.0716431955081128,17.0,18
flow_velocity_ms,0.06756743985640315,17.0,19
total_phosphorus,0.06683963752208026,17.0,20
gdd_21d,0.06542253831529542,17.0,21
bod5,0.05930902512347593,17.0,22
tree_cover_500m,0.048847201770341804,17.0,23
do_sat,0.04503466101759379,17.0,24
vector_stagnation_index,0.04469187396968995,17.0,25
temp_water,0.041532546688333144,17.0,26
precip_7d_sum,0.041386687114754475,17.0,27
runoff_flush_index,0.0383634708659233,17.0,28
substratum_gravel_pct,0.03729171675599956,17.0,29
precip_21d_sum,0.0365339127538996,17.0,30
precip_14d_sum,0.036487791012158946,17.0,31
wetted_width_m,0.02822381086147484,17.0,32
substrate_roughness,0.026874970883046266,17.0,33
substratum_silt_pct,0.024607966414319858,17.0,34
mean_depth_m,0.022809646360423923,17.0,35
n_to_p_ratio,0.022404031453042383,17.0,36
consecutive_dry_days,0.02224084519875109,17.0,37
turbidity_ntu,0.021680353198407602,17.0,38
recession_stagnation_coupling,0.02094628770014488,17.0,39
dry_to_wet_impulse,0.020039872885543854,17.0,40
temp_sd_7d,0.019436780335913607,17.0,41
dry_wet_flush_cycle,0.014609367690068015,17.0,42
delta_temp_7_14,0.012045249533234128,17.0,43
hydraulic_radius_m,0.009483162742069885,17.0,44
