city,upstream_station_id,downstream_station_id,river_or_channel_id,distance_m
Antwerp,ANT_00,ANT_01,Scheldt_Tributary_North,320
Antwerp,ANT_01,ANT_02,Scheldt_Tributary_North,280
Antwerp,ANT_02,ANT_03,Scheldt_Tributary_North,310
Antwerp,ANT_03,ANT_04,Scheldt_Tributary_North,450
Antwerp,ANT_04,ANT_05,Scheldt_Tributary_North,390
Antwerp,ANT_05,ANT_06,Scheldt_Tributary_North,510
Antwerp,ANT_06,ANT_07,Scheldt_Tributary_North,420
Antwerp,ANT_07,ANT_08,Scheldt_Tributary_North,360
Antwerp,ANT_08,ANT_09,Scheldt_Tributary_North,480
Antwerp,ANT_09,ANT_10,Scheldt_Tributary_North,340
Antwerp,ANT_10,ANT_11,Scheldt_Tributary_North,410
Antwerp,ANT_11,ANT_12,Scheldt_Tributary_North,290
Antwerp,ANT_12,ANT_13,Scheldt_Tributary_North,380
Antwerp,ANT_13,ANT_14,Scheldt_Tributary_North,420
Antwerp,ANT_14,ANT_15,Scheldt_Tributary_North,350
Antwerp,ANT_15,ANT_16,Scheldt_Tributary_North,400
Athens,ATH_00,ATH_01,Kifisios_Main_Corridor,410
Athens,ATH_01,ATH_02,Kifisios_Main_Corridor,390
Athens,ATH_02,ATH_03,Kifisios_Main_Corridor,430
Athens,ATH_03,ATH_04,Kifisios_Main_Corridor,350
Athens,ATH_04,ATH_05,Kifisios_Main_Corridor,480
Athens,ATH_05,ATH_06,Kifisios_Main_Corridor,360
Athens,ATH_06,ATH_07,Kifisios_Main_Corridor,520
Athens,ATH_07,ATH_08,Kifisios_Main_Corridor,400
Athens,ATH_08,ATH_09,Kifisios_Main_Corridor,380
Athens,ATH_09,ATH_10,Kifisios_Main_Corridor,450
Athens,ATH_10,ATH_11,Kifisios_Main_Corridor,370
Athens,ATH_11,ATH_12,Kifisios_Main_Corridor,490
Athens,ATH_12,ATH_13,Kifisios_Main_Corridor,420
Athens,ATH_13,ATH_14,Kifisios_Main_Corridor,390
Athens,ATH_14,ATH_15,Kifisios_Main_Corridor,440
Athens,ATH_15,ATH_16,Kifisios_Main_Corridor,460
Coimbra,COI_00,COI_01,Mondego_Urban_Reach,380
Coimbra,COI_01,COI_02,Mondego_Urban_Reach,410
Coimbra,COI_02,COI_03,Mondego_Urban_Reach,360
Coimbra,COI_03,COI_04,Mondego_Urban_Reach,450
Coimbra,COI_04,COI_05,Mondego_Urban_Reach,490
Coimbra,COI_05,COI_06,Mondego_Urban_Reach,340
Coimbra,COI_06,COI_07,Mondego_Urban_Reach,420
Coimbra,COI_07,COI_08,Mondego_Urban_Reach,390
Coimbra,COI_08,COI_09,Mondego_Urban_Reach,470
Coimbra,COI_09,COI_10,Mondego_Urban_Reach,430
Coimbra,COI_10,COI_11,Mondego_Urban_Reach,380
Coimbra,COI_11,COI_12,Mondego_Urban_Reach,510
Coimbra,COI_12,COI_13,Mondego_Urban_Reach,400
Coimbra,COI_13,COI_14,Mondego_Urban_Reach,460
Coimbra,COI_14,COI_15,Mondego_Urban_Reach,370
Coimbra,COI_15,COI_16,Mondego_Urban_Reach,440
Milan,MIL_00,MIL_01,Seveso_Navigli_Corridor,350
Milan,MIL_01,MIL_02,Seveso_Navigli_Corridor,380
Milan,MIL_02,MIL_03,Seveso_Navigli_Corridor,420
Milan,MIL_03,MIL_04,Seveso_Navigli_Corridor,390
Milan,MIL_04,MIL_05,Seveso_Navigli_Corridor,460
Milan,MIL_05,MIL_06,Seveso_Navigli_Corridor,370
Milan,MIL_06,MIL_07,Seveso_Navigli_Corridor,500
Milan,MIL_07,MIL_08,Seveso_Navigli_Corridor,410
Milan,MIL_08,MIL_09,Seveso_Navigli_Corridor,390
Milan,MIL_09,MIL_10,Seveso_Navigli_Corridor,440
Milan,MIL_10,MIL_11,Seveso_Navigli_Corridor,360
Milan,MIL_11,MIL_12,Seveso_Navigli_Corridor,480
Milan,MIL_12,MIL_13,Seveso_Navigli_Corridor,430
Milan,MIL_13,MIL_14,Seveso_Navigli_Corridor,400
Milan,MIL_14,MIL_15,Seveso_Navigli_Corridor,450
Milan,MIL_15,MIL_16,Seveso_Navigli_Corridor,420
Toulouse,TOU_00,TOU_01,Garonne_Brienne_Reach,450
Toulouse,TOU_01,TOU_02,Garonne_Brienne_Reach,420
Toulouse,TOU_02,TOU_03,Garonne_Brienne_Reach,390
Toulouse,TOU_03,TOU_04,Garonne_Brienne_Reach,470
Toulouse,TOU_04,TOU_05,Garonne_Brienne_Reach,410
Toulouse,TOU_05,TOU_06,Garonne_Brienne_Reach,490
Toulouse,TOU_06,TOU_07,Garonne_Brienne_Reach,380
Toulouse,TOU_07,TOU_08,Garonne_Brienne_Reach,430
Toulouse,TOU_08,TOU_09,Garonne_Brienne_Reach,510
Toulouse,TOU_09,TOU_10,Garonne_Brienne_Reach,400
Toulouse,TOU_10,TOU_11,Garonne_Brienne_Reach,460
Toulouse,TOU_11,TOU_12,Garonne_Brienne_Reach,370
Toulouse,TOU_12,TOU_13,Garonne_Brienne_Reach,440
Toulouse,TOU_13,TOU_14,Garonne_Brienne_Reach,480
Toulouse,TOU_14,TOU_15,Garonne_Brienne_Reach,420
Toulouse,TOU_15,TOU_16,Garonne_Brienne_Reach,460
