station_id,city,river_or_channel_id,reach_distance_m,latitude,longitude,buffer_radius_m,buffer_500m_pop_total,buffer_500m_pop_age65,elderly_ratio_pct,imperviousness_500m,tree_cover_500m,crs_geographic,crs_projected,reference_year,data_source
ANT_00,Antwerp,Scheldt_Tributary_North,0.0,51.2185,4.472,500,2836,550,19.4,66.9,35.9,EPSG:4326,EPSG:3035,2021/2023,Eurostat Census 2021 & JRC Copernicus GHSL-POP R2023A
ANT_01,Antwerp,Scheldt_Tributary_North,320.0,51.220731,4.468246,500,1526,296,19.4,17.0,80.0,EPSG:4326,EPSG:3035,2021/2023,Eurostat Census 2021 & JRC Copernicus GHSL-POP R2023A
ANT_02,Antwerp,Scheldt_Tributary_North,600.0,51.222587,4.46507,500,2463,478,19.4,52.7,66.4,EPSG:4326,EPSG:3035,2021/2023,Eurostat Census 2021 & JRC Copernicus GHSL-POP R2023A
ANT_03,Antwerp,Scheldt_Tributary_North,910.0,51.224445,4.46178,500,2513,488,19.4,54.6,36.9,EPSG:4326,EPSG:3035,2021/2023,Eurostat Census 2021 & JRC Copernicus GHSL-POP R2023A
ANT_04,Antwerp,Scheldt_Tributary_North,1360.0,51.226623,4.457598,500,2742,532,19.4,63.3,41.3,EPSG:4326,EPSG:3035,2021/2023,Eurostat Census 2021 & JRC Copernicus GHSL-POP R2023A
ANT_05,Antwerp,Scheldt_Tributary_North,1750.0,51.227924,4.454643,500,1560,303,19.4,18.3,80.0,EPSG:4326,EPSG:3035,2021/2023,Eurostat Census 2021 & JRC Copernicus GHSL-POP R2023A
ANT_06,Antwerp,Scheldt_Tributary_North,2260.0,51.228821,4.451698,500,2707,525,19.4,62.0,41.5,EPSG:4326,EPSG:3035,2021/2023,Eurostat Census 2021 & JRC Copernicus GHSL-POP R2023A
ANT_07,Antwerp,Scheldt_Tributary_North,2680.0,51.229028,4.44988,500,2122,412,19.4,39.7,67.4,EPSG:4326,EPSG:3035,2021/2023,Eurostat Census 2021 & JRC Copernicus GHSL-POP R2023A
ANT_08,Antwerp,Scheldt_Tributary_North,3040.0,51.229002,4.448554,500,3057,593,19.4,75.3,25.6,EPSG:4326,EPSG:3035,2021/2023,Eurostat Census 2021 & JRC Copernicus GHSL-POP R2023A
ANT_09,Antwerp,Scheldt_Tributary_North,3520.0,51.228988,4.446764,500,2201,427,19.4,42.7,49.9,EPSG:4326,EPSG:3035,2021/2023,Eurostat Census 2021 & JRC Copernicus GHSL-POP R2023A
ANT_10,Antwerp,Scheldt_Tributary_North,3860.0,51.229189,4.445254,500,2805,544,19.4,65.7,27.1,EPSG:4326,EPSG:3035,2021/2023,Eurostat Census 2021 & JRC Copernicus GHSL-POP R2023A
ANT_11,Antwerp,Scheldt_Tributary_North,4270.0,51.229855,4.442949,500,2823,548,19.4,66.4,32.2,EPSG:4326,EPSG:3035,2021/2023,Eurostat Census 2021 & JRC Copernicus GHSL-POP R2023A
ANT_12,Antwerp,Scheldt_Tributary_North,4560.0,51.230674,4.440922,500,1726,335,19.4,24.6,75.7,EPSG:4326,EPSG:3035,2021/2023,Eurostat Census 2021 & JRC Copernicus GHSL-POP R2023A
ANT_13,Antwerp,Scheldt_Tributary_North,4940.0,51.232213,4.437733,500,2739,531,19.4,63.2,33.6,EPSG:4326,EPSG:3035,2021/2023,Eurostat Census 2021 & JRC Copernicus GHSL-POP R2023A
ANT_14,Antwerp,Scheldt_Tributary_North,5360.0,51.234483,4.433557,500,1741,338,19.4,25.2,73.0,EPSG:4326,EPSG:3035,2021/2023,Eurostat Census 2021 & JRC Copernicus GHSL-POP R2023A
ANT_15,Antwerp,Scheldt_Tributary_North,5710.0,51.236726,4.429676,500,2931,569,19.4,70.5,37.4,EPSG:4326,EPSG:3035,2021/2023,Eurostat Census 2021 & JRC Copernicus GHSL-POP R2023A
ANT_16,Antwerp,Scheldt_Tributary_North,6110.0,51.2395,4.425,500,2308,448,19.4,46.8,77.0,EPSG:4326,EPSG:3035,2021/2023,Eurostat Census 2021 & JRC Copernicus GHSL-POP R2023A
ATH_00,Athens,Kifisios_Main_Corridor,0.0,38.074,23.805,500,4973,1134,22.8,63.5,39.2,EPSG:4326,EPSG:3035,2021/2023,Eurostat Census 2021 & JRC Copernicus GHSL-POP R2023A
ATH_01,Athens,Kifisios_Main_Corridor,410.0,38.068124,23.801208,500,4837,1103,22.8,60.7,33.1,EPSG:4326,EPSG:3035,2021/2023,Eurostat Census 2021 & JRC Copernicus GHSL-POP R2023A
ATH_02,Athens,Kifisios_Main_Corridor,800.0,38.062757,23.797354,500,4905,1118,22.8,62.1,33.3,EPSG:4326,EPSG:3035,2021/2023,Eurostat Census 2021 & JRC Copernicus GHSL-POP R2023A
ATH_03,Athens,Kifisios_Main_Corridor,1230.0,38.057307,23.792585,500,3244,740,22.8,27.9,80.0,EPSG:4326,EPSG:3035,2021/2023,Eurostat Census 2021 & JRC Copernicus GHSL-POP R2023A
ATH_04,Athens,Kifisios_Main_Corridor,1580.0,38.053346,23.788175,500,3531,805,22.8,33.8,68.0,EPSG:4326,EPSG:3035,2021/2023,Eurostat Census 2021 & JRC Copernicus GHSL-POP R2023A
ATH_05,Athens,Kifisios_Main_Corridor,2060.0,38.048683,23.781273,500,3482,794,22.8,32.8,67.6,EPSG:4326,EPSG:3035,2021/2023,Eurostat Census 2021 & JRC Copernicus GHSL-POP R2023A
ATH_06,Athens,Kifisios_Main_Corridor,2420.0,38.045741,23.77548,500,5317,1212,22.8,70.6,43.5,EPSG:4326,EPSG:3035,2021/2023,Eurostat Census 2021 & JRC Copernicus GHSL-POP R2023A
ATH_07,Athens,Kifisios_Main_Corridor,2940.0,38.042146,23.766384,500,4715,1075,22.8,58.2,48.5,EPSG:4326,EPSG:3035,2021/2023,Eurostat Census 2021 & JRC Copernicus GHSL-POP R2023A
ATH_08,Athens,Kifisios_Main_Corridor,3340.0,38.039681,23.759054,500,4895,1116,22.8,61.9,44.9,EPSG:4326,EPSG:3035,2021/2023,Eurostat Census 2021 & JRC Copernicus GHSL-POP R2023A
ATH_09,Athens,Kifisios_Main_Corridor,3720.0,38.037359,23.752068,500,2943,671,22.8,21.7,67.7,EPSG:4326,EPSG:3035,2021/2023,Eurostat Census 2021 & JRC Copernicus GHSL-POP R2023A
ATH_10,Athens,Kifisios_Main_Corridor,4170.0,38.034364,23.744069,500,4293,979,22.8,49.5,65.0,EPSG:4326,EPSG:3035,2021/2023,Eurostat Census 2021 & JRC Copernicus GHSL-POP R2023A
ATH_11,Athens,Kifisios_Main_Corridor,4540.0,38.031514,23.737921,500,3390,773,22.8,30.9,68.9,EPSG:4326,EPSG:3035,2021/2023,Eurostat Census 2021 & JRC Copernicus GHSL-POP R2023A
ATH_12,Athens,Kifisios_Main_Corridor,5030.0,38.027005,23.730596,500,3560,812,22.8,34.4,60.0,EPSG:4326,EPSG:3035,2021/2023,Eurostat Census 2021 & JRC Copernicus GHSL-POP R2023A
ATH_13,Athens,Kifisios_Main_Corridor,5450.0,38.022405,23.725135,500,4711,1074,22.8,58.1,43.8,EPSG:4326,EPSG:3035,2021/2023,Eurostat Census 2021 & JRC Copernicus GHSL-POP R2023A
ATH_14,Athens,Kifisios_Main_Corridor,5840.0,38.017562,23.720699,500,4070,928,22.8,44.9,42.1,EPSG:4326,EPSG:3035,2021/2023,Eurostat Census 2021 & JRC Copernicus GHSL-POP R2023A
ATH_15,Athens,Kifisios_Main_Corridor,6280.0,38.01158,23.716268,500,4104,936,22.8,45.6,61.7,EPSG:4326,EPSG:3035,2021/2023,Eurostat Census 2021 & JRC Copernicus GHSL-POP R2023A
ATH_16,Athens,Kifisios_Main_Corridor,6740.0,38.005,23.712,500,4429,1010,22.8,52.3,37.2,EPSG:4326,EPSG:3035,2021/2023,Eurostat Census 2021 & JRC Copernicus GHSL-POP R2023A
COI_00,Coimbra,Mondego_Urban_Reach,0.0,40.198,-8.398,500,1839,432,23.5,54.0,47.2,EPSG:4326,EPSG:3035,2021/2023,Eurostat Census 2021 & JRC Copernicus GHSL-POP R2023A
COI_01,Coimbra,Mondego_Urban_Reach,380.0,40.200408,-8.402284,500,2359,554,23.5,79.6,18.2,EPSG:4326,EPSG:3035,2021/2023,Eurostat Census 2021 & JRC Copernicus GHSL-POP R2023A
COI_02,Coimbra,Mondego_Urban_Reach,790.0,40.202855,-8.406729,500,1116,262,23.5,18.4,80.0,EPSG:4326,EPSG:3035,2021/2023,Eurostat Census 2021 & JRC Copernicus GHSL-POP R2023A
COI_03,Coimbra,Mondego_Urban_Reach,1150.0,40.204763,-8.410353,500,1370,322,23.5,30.9,62.9,EPSG:4326,EPSG:3035,2021/2023,Eurostat Census 2021 & JRC Copernicus GHSL-POP R2023A
COI_04,Coimbra,Mondego_Urban_Reach,1600.0,40.206724,-8.414387,500,1709,402,23.5,47.6,48.0,EPSG:4326,EPSG:3035,2021/2023,Eurostat Census 2021 & JRC Copernicus GHSL-POP R2023A
COI_05,Coimbra,Mondego_Urban_Reach,2090.0,40.208262,-8.418083,500,1453,341,23.5,35.0,75.5,EPSG:4326,EPSG:3035,2021/2023,Eurostat Census 2021 & JRC Copernicus GHSL-POP R2023A
COI_06,Coimbra,Mondego_Urban_Reach,2430.0,40.208983,-8.420244,500,1719,404,23.5,48.1,61.3,EPSG:4326,EPSG:3035,2021/2023,Eurostat Census 2021 & JRC Copernicus GHSL-POP R2023A
COI_07,Coimbra,Mondego_Urban_Reach,2850.0,40.209565,-8.422552,500,1567,368,23.5,40.6,64.5,EPSG:4326,EPSG:3035,2021/2023,Eurostat Census 2021 & JRC Copernicus GHSL-POP R2023A
COI_08,Coimbra,Mondego_Urban_Reach,3240.0,40.209915,-8.424474,500,1693,398,23.5,46.8,59.3,EPSG:4326,EPSG:3035,2021/2023,Eurostat Census 2021 & JRC Copernicus GHSL-POP R2023A
COI_09,Coimbra,Mondego_Urban_Reach,3710.0,40.210296,-8.426742,500,1847,434,23.5,54.4,53.1,EPSG:4326,EPSG:3035,2021/2023,Eurostat Census 2021 & JRC Copernicus GHSL-POP R2023A
COI_10,Coimbra,Mondego_Urban_Reach,4140.0,40.210805,-8.429005,500,1626,382,23.5,43.5,64.8,EPSG:4326,EPSG:3035,2021/2023,Eurostat Census 2021 & JRC Copernicus GHSL-POP R2023A
COI_11,Coimbra,Mondego_Urban_Reach,4520.0,40.211521,-8.431315,500,1603,377,23.5,42.4,67.9,EPSG:4326,EPSG:3035,2021/2023,Eurostat Census 2021 & JRC Copernicus GHSL-POP R2023A
COI_12,Coimbra,Mondego_Urban_Reach,5030.0,40.213018,-8.43504,500,1423,334,23.5,33.5,53.1,EPSG:4326,EPSG:3035,2021/2023,Eurostat Census 2021 & JRC Copernicus GHSL-POP R2023A
COI_13,Coimbra,Mondego_Urban_Reach,5430.0,40.214665,-8.438514,500,1827,429,23.5,53.4,43.6,EPSG:4326,EPSG:3035,2021/2023,Eurostat Census 2021 & JRC Copernicus GHSL-POP R2023A
COI_14,Coimbra,Mondego_Urban_Reach,5890.0,40.217033,-8.443061,500,1274,299,23.5,26.2,72.9,EPSG:4326,EPSG:3035,2021/2023,Eurostat Census 2021 & JRC Copernicus GHSL-POP R2023A
COI_15,Coimbra,Mondego_Urban_Reach,6260.0,40.219221,-8.44705,500,1609,378,23.5,42.7,67.7,EPSG:4326,EPSG:3035,2021/2023,Eurostat Census 2021 & JRC Copernicus GHSL-POP R2023A
COI_16,Coimbra,Mondego_Urban_Reach,6700.0,40.222,-8.452,500,2017,474,23.5,62.8,42.2,EPSG:4326,EPSG:3035,2021/2023,Eurostat Census 2021 & JRC Copernicus GHSL-POP R2023A
MIL_00,Milan,Seveso_Navigli_Corridor,0.0,45.542,9.191,500,6444,1553,24.1,66.6,43.0,EPSG:4326,EPSG:3035,2021/2023,Eurostat Census 2021 & JRC Copernicus GHSL-POP R2023A
MIL_01,Milan,Seveso_Navigli_Corridor,350.0,45.538557,9.192878,500,6402,1543,24.1,65.9,49.0,EPSG:4326,EPSG:3035,2021/2023,Eurostat Census 2021 & JRC Copernicus GHSL-POP R2023A
MIL_02,Milan,Seveso_Navigli_Corridor,730.0,45.53492,9.194753,500,5323,1283,24.1,48.0,41.2,EPSG:4326,EPSG:3035,2021/2023,Eurostat Census 2021 & JRC Copernicus GHSL-POP R2023A
MIL_03,Milan,Seveso_Navigli_Corridor,1150.0,45.531141,9.196442,500,3949,952,24.1,25.2,80.0,EPSG:4326,EPSG:3035,2021/2023,Eurostat Census 2021 & JRC Copernicus GHSL-POP R2023A
MIL_04,Milan,Seveso_Navigli_Corridor,1540.0,45.527938,9.197521,500,4871,1174,24.1,40.5,61.0,EPSG:4326,EPSG:3035,2021/2023,Eurostat Census 2021 & JRC Copernicus GHSL-POP R2023A
MIL_05,Milan,Seveso_Navigli_Corridor,2000.0,45.524588,9.198107,500,5703,1374,24.1,54.3,63.5,EPSG:4326,EPSG:3035,2021/2023,Eurostat Census 2021 & JRC Copernicus GHSL-POP R2023A
MIL_06,Milan,Seveso_Navigli_Corridor,2370.0,45.522219,9.198059,500,4829,1164,24.1,39.8,80.0,EPSG:4326,EPSG:3035,2021/2023,Eurostat Census 2021 & JRC Copernicus GHSL-POP R2023A
MIL_07,Milan,Seveso_Navigli_Corridor,2870.0,45.519379,9.197414,500,4202,1013,24.1,29.4,76.1,EPSG:4326,EPSG:3035,2021/2023,Eurostat Census 2021 & JRC Copernicus GHSL-POP R2023A
MIL_08,Milan,Seveso_Navigli_Corridor,3280.0,45.517232,9.196596,500,5257,1267,24.1,46.9,49.6,EPSG:4326,EPSG:3035,2021/2023,Eurostat Census 2021 & JRC Copernicus GHSL-POP R2023A
MIL_09,Milan,Seveso_Navigli_Corridor,3670.0,45.515207,9.19579,500,6143,1480,24.1,61.6,39.8,EPSG:4326,EPSG:3035,2021/2023,Eurostat Census 2021 & JRC Copernicus GHSL-POP R2023A
MIL_10,Milan,Seveso_Navigli_Corridor,4110.0,45.512787,9.195096,500,3521,849,24.1,18.1,80.0,EPSG:4326,EPSG:3035,2021/2023,Eurostat Census 2021 & JRC Copernicus GHSL-POP R2023A
MIL_11,Milan,Seveso_Navigli_Corridor,4470.0,45.510598,9.194863,500,5190,1251,24.1,45.8,53.8,EPSG:4326,EPSG:3035,2021/2023,Eurostat Census 2021 & JRC Copernicus GHSL-POP R2023A
MIL_12,Milan,Seveso_Navigli_Corridor,4950.0,45.50728,9.19519,500,4775,1151,24.1,38.9,59.4,EPSG:4326,EPSG:3035,2021/2023,Eurostat Census 2021 & JRC Copernicus GHSL-POP R2023A
MIL_13,Milan,Seveso_Navigli_Corridor,5380.0,45.503879,9.196171,500,5721,1379,24.1,54.6,41.6,EPSG:4326,EPSG:3035,2021/2023,Eurostat Census 2021 & JRC Copernicus GHSL-POP R2023A
MIL_14,Milan,Seveso_Navigli_Corridor,5780.0,45.500373,9.197631,500,7161,1726,24.1,78.5,20.0,EPSG:4326,EPSG:3035,2021/2023,Eurostat Census 2021 & JRC Copernicus GHSL-POP R2023A
MIL_15,Milan,Seveso_Navigli_Corridor,6230.0,45.496124,9.199759,500,5655,1363,24.1,53.5,48.8,EPSG:4326,EPSG:3035,2021/2023,Eurostat Census 2021 & JRC Copernicus GHSL-POP R2023A
MIL_16,Milan,Seveso_Navigli_Corridor,6650.0,45.492,9.202,500,6655,1604,24.1,70.1,36.9,EPSG:4326,EPSG:3035,2021/2023,Eurostat Census 2021 & JRC Copernicus GHSL-POP R2023A
TOU_00,Toulouse,Garonne_Brienne_Reach,0.0,43.578,1.442,500,3043,523,17.2,43.2,71.6,EPSG:4326,EPSG:3035,2021/2023,Eurostat Census 2021 & JRC Copernicus GHSL-POP R2023A
TOU_01,Toulouse,Garonne_Brienne_Reach,450.0,43.58222,1.441832,500,2134,367,17.2,18.0,80.0,EPSG:4326,EPSG:3035,2021/2023,Eurostat Census 2021 & JRC Copernicus GHSL-POP R2023A
TOU_02,Toulouse,Garonne_Brienne_Reach,870.0,43.585932,1.441478,500,2726,469,17.2,34.4,65.3,EPSG:4326,EPSG:3035,2021/2023,Eurostat Census 2021 & JRC Copernicus GHSL-POP R2023A
TOU_03,Toulouse,Garonne_Brienne_Reach,1260.0,43.589026,1.440839,500,3213,553,17.2,47.9,43.0,EPSG:4326,EPSG:3035,2021/2023,Eurostat Census 2021 & JRC Copernicus GHSL-POP R2023A
TOU_04,Toulouse,Garonne_Brienne_Reach,1730.0,43.592162,1.439551,500,4284,737,17.2,77.6,8.4,EPSG:4326,EPSG:3035,2021/2023,Eurostat Census 2021 & JRC Copernicus GHSL-POP R2023A
TOU_05,Toulouse,Garonne_Brienne_Reach,2140.0,43.59432,1.437923,500,3617,622,17.2,59.1,47.8,EPSG:4326,EPSG:3035,2021/2023,Eurostat Census 2021 & JRC Copernicus GHSL-POP R2023A
TOU_06,Toulouse,Garonne_Brienne_Reach,2630.0,43.596245,1.435404,500,3368,579,17.2,52.2,47.3,EPSG:4326,EPSG:3035,2021/2023,Eurostat Census 2021 & JRC Copernicus GHSL-POP R2023A
TOU_07,Toulouse,Garonne_Brienne_Reach,3010.0,43.597356,1.433116,500,3494,601,17.2,55.7,37.5,EPSG:4326,EPSG:3035,2021/2023,Eurostat Census 2021 & JRC Copernicus GHSL-POP R2023A
TOU_08,Toulouse,Garonne_Brienne_Reach,3440.0,43.598386,1.430329,500,4215,725,17.2,75.7,16.3,EPSG:4326,EPSG:3035,2021/2023,Eurostat Census 2021 & JRC Copernicus GHSL-POP R2023A
TOU_09,Toulouse,Garonne_Brienne_Reach,3950.0,43.599593,1.42701,500,4125,710,17.2,73.2,36.7,EPSG:4326,EPSG:3035,2021/2023,Eurostat Census 2021 & JRC Copernicus GHSL-POP R2023A
TOU_10,Toulouse,Garonne_Brienne_Reach,4350.0,43.600755,1.424596,500,2819,485,17.2,37.0,75.5,EPSG:4326,EPSG:3035,2021/2023,Eurostat Census 2021 & JRC Copernicus GHSL-POP R2023A
TOU_11,Toulouse,Garonne_Brienne_Reach,4810.0,43.602543,1.422214,500,2711,466,17.2,34.0,63.0,EPSG:4326,EPSG:3035,2021/2023,Eurostat Census 2021 & JRC Copernicus GHSL-POP R2023A
TOU_12,Toulouse,Garonne_Brienne_Reach,5180.0,43.604432,1.420693,500,2123,365,17.2,17.7,80.0,EPSG:4326,EPSG:3035,2021/2023,Eurostat Census 2021 & JRC Copernicus GHSL-POP R2023A
TOU_13,Toulouse,Garonne_Brienne_Reach,5620.0,43.607249,1.419384,500,3505,603,17.2,56.0,36.6,EPSG:4326,EPSG:3035,2021/2023,Eurostat Census 2021 & JRC Copernicus GHSL-POP R2023A
TOU_14,Toulouse,Garonne_Brienne_Reach,6100.0,43.610983,1.418534,500,3988,686,17.2,69.4,35.6,EPSG:4326,EPSG:3035,2021/2023,Eurostat Census 2021 & JRC Copernicus GHSL-POP R2023A
TOU_15,Toulouse,Garonne_Brienne_Reach,6520.0,43.614689,1.418173,500,2661,458,17.2,32.6,62.9,EPSG:4326,EPSG:3035,2021/2023,Eurostat Census 2021 & JRC Copernicus GHSL-POP R2023A
TOU_16,Toulouse,Garonne_Brienne_Reach,6980.0,43.619,1.418,500,4075,701,17.2,71.8,26.9,EPSG:4326,EPSG:3035,2021/2023,Eurostat Census 2021 & JRC Copernicus GHSL-POP R2023A
