time,temperature_2m_mean (°C),temperature_2m_max (°C),temperature_2m_min (°C),precipitation_sum (mm)
2024-01-01,13.5,16.0,11.8,0.7
2024-01-02,13.0,14.7,11.4,0.0
2024-01-03,12.9,16.3,8.9,0.1
2024-01-04,12.9,16.8,9.9,0.0
2024-01-05,12.8,17.4,8.5,0.0
2024-01-06,13.8,17.1,10.8,0.5
2024-01-07,14.0,15.6,12.0,6.7
2024-01-08,12.1,15.2,9.5,0.0
2024-01-09,8.8,12.9,4.6,6.4
2024-01-10,6.1,8.2,4.7,0.4
2024-01-11,6.1,10.0,2.0,0.0
2024-01-12,7.1,8.6,5.0,11.1
2024-01-13,5.8,8.7,2.0,0.0
2024-01-14,5.6,10.2,0.8,0.0
2024-01-15,9.6,13.4,4.5,0.8
2024-01-16,12.4,17.5,7.7,0.1
2024-01-17,12.2,15.1,9.2,0.0
2024-01-18,14.2,18.0,12.2,0.0
2024-01-19,15.0,17.7,12.4,0.0
2024-01-20,14.5,17.4,12.3,0.1
2024-01-21,8.2,11.4,6.3,0.3
2024-01-22,6.6,8.1,5.6,0.0
2024-01-23,7.3,11.7,3.6,0.0
2024-01-24,6.8,11.3,2.2,0.0
2024-01-25,6.9,13.0,1.4,0.0
2024-01-26,8.7,14.0,3.8,0.0
2024-01-27,7.7,13.6,3.1,0.0
2024-01-28,6.8,9.6,3.0,0.6
2024-01-29,4.9,7.4,2.6,1.1
2024-01-30,4.2,5.5,2.7,4.3
2024-01-31,5.7,8.7,3.7,0.9
2024-02-01,6.4,11.8,2.3,0.0
2024-02-02,7.2,14.1,2.8,0.0
2024-02-03,7.8,13.2,4.0,0.0
2024-02-04,10.6,16.4,6.0,0.0
2024-02-05,13.2,18.4,7.6,0.0
2024-02-06,13.1,18.7,7.5,0.0
2024-02-07,13.4,17.7,10.9,0.0
2024-02-08,13.4,16.7,11.4,0.0
2024-02-09,12.9,17.2,9.2,0.0
2024-02-10,13.5,16.9,11.5,0.0
2024-02-11,15.1,16.6,13.7,1.6
2024-02-12,13.4,15.4,11.2,18.3
2024-02-13,11.3,15.9,7.7,2.9
2024-02-14,9.7,13.7,5.9,0.0
2024-02-15,8.8,10.9,6.8,2.7
2024-02-16,9.4,12.0,7.9,0.3
2024-02-17,9.9,13.9,6.0,0.0
2024-02-18,9.6,16.7,4.3,0.0
2024-02-19,9.5,14.3,5.5,0.2
2024-02-20,9.9,13.2,7.6,0.6
2024-02-21,9.0,11.9,5.6,2.0
2024-02-22,11.1,14.0,7.5,1.0
2024-02-23,12.7,16.5,8.8,0.2
2024-02-24,14.0,16.9,10.5,0.0
2024-02-25,14.6,18.5,11.6,0.0
2024-02-26,13.0,14.3,11.4,14.7
2024-02-27,13.8,17.8,11.7,0.7
2024-02-28,14.3,16.9,11.8,2.2
2024-02-29,15.0,18.2,12.8,1.3
2024-03-01,13.6,14.8,11.2,26.0
2024-03-02,11.5,15.2,8.1,0.5
2024-03-03,13.1,16.9,9.0,0.0
2024-03-04,14.0,17.4,11.9,0.0
2024-03-05,12.0,14.7,8.8,10.6
2024-03-06,11.9,16.9,7.2,0.1
2024-03-07,12.6,16.0,9.2,0.1
2024-03-08,11.2,16.4,6.5,0.0
2024-03-09,10.6,13.9,7.0,0.3
2024-03-10,12.3,15.5,9.3,0.7
2024-03-11,13.8,16.8,10.2,0.0
2024-03-12,14.4,17.8,11.5,5.3
2024-03-13,11.9,16.1,8.0,0.1
2024-03-14,12.5,16.6,8.0,1.1
2024-03-15,12.2,16.3,8.1,0.6
2024-03-16,13.1,16.5,10.5,0.4
2024-03-17,11.7,16.2,8.9,3.7
2024-03-18,12.5,18.6,6.8,0.9
2024-03-19,13.2,17.2,9.9,2.7
2024-03-20,10.8,13.4,5.9,2.7
2024-03-21,9.6,14.8,3.7,0.0
2024-03-22,11.6,17.6,7.7,0.8
2024-03-23,10.1,16.1,4.2,0.1
2024-03-24,13.1,16.7,10.1,0.0
2024-03-25,15.8,21.4,10.4,0.0
2024-03-26,14.1,18.6,10.0,1.5
2024-03-27,17.9,23.8,12.5,0.0
2024-03-28,18.6,23.8,15.5,0.0
2024-03-29,18.3,24.6,13.4,0.0
2024-03-30,18.3,21.9,15.5,0.0
2024-03-31,18.3,23.2,15.0,0.0
2024-04-01,18.7,23.9,15.3,0.0
2024-04-02,21.2,26.1,17.9,0.0
2024-04-03,18.8,24.7,13.1,0.0
2024-04-04,18.6,24.5,13.6,0.0
2024-04-05,19.1,26.2,12.8,0.0
2024-04-06,19.4,25.6,14.2,0.0
2024-04-07,19.6,25.7,14.5,0.0
2024-04-08,16.4,20.9,12.9,0.0
2024-04-09,17.3,23.7,11.0,0.0
2024-04-10,18.3,25.3,11.5,0.0
2024-04-11,18.6,24.0,12.5,0.0
2024-04-12,20.0,25.0,15.6,0.0
2024-04-13,20.8,26.7,14.5,0.0
2024-04-14,21.5,27.6,15.9,0.0
2024-04-15,21.5,28.0,16.5,0.0
2024-04-16,20.2,24.7,17.6,0.0
2024-04-17,19.7,23.7,15.9,0.4
2024-04-18,18.8,22.4,15.1,0.0
2024-04-19,16.2,20.6,13.8,5.4
2024-04-20,14.5,19.8,10.0,8.3
2024-04-21,15.5,18.7,12.0,0.0
2024-04-22,16.8,20.7,12.2,4.3
2024-04-23,18.8,22.4,15.4,0.2
2024-04-24,19.6,24.7,14.3,0.0
2024-04-25,18.0,22.5,14.6,0.0
2024-04-26,16.5,21.0,11.4,0.0
2024-04-27,17.8,23.7,12.8,0.0
2024-04-28,18.1,23.5,12.6,0.0
2024-04-29,18.7,23.7,14.5,0.0
2024-04-30,17.5,22.4,12.6,0.0
2024-05-01,19.0,23.4,15.8,0.0
2024-05-02,17.8,22.7,13.6,0.0
2024-05-03,19.1,24.3,15.1,0.0
2024-05-04,16.7,22.7,13.5,2.8
2024-05-05,17.3,22.1,13.2,0.4
2024-05-06,17.4,23.2,11.3,0.0
2024-05-07,20.5,26.0,15.7,0.0
2024-05-08,21.1,25.5,18.6,0.0
2024-05-09,19.0,21.6,17.2,1.4
2024-05-10,17.4,20.1,15.6,2.8
2024-05-11,17.4,21.4,14.0,0.1
2024-05-12,19.2,24.7,13.2,0.1
2024-05-13,19.7,25.0,14.9,0.5
2024-05-14,17.2,21.3,14.1,0.0
2024-05-15,18.1,22.0,13.9,0.0
2024-05-16,19.0,23.7,14.3,0.3
2024-05-17,19.1,25.1,15.6,0.9
2024-05-18,20.2,25.1,15.8,0.0
2024-05-19,22.8,27.9,18.4,0.0
2024-05-20,23.9,28.8,19.0,0.0
2024-05-21,23.8,28.9,19.2,0.0
2024-05-22,23.4,28.3,18.7,0.0
2024-05-23,24.3,29.6,18.4,0.0
2024-05-24,23.2,29.3,18.7,0.0
2024-05-25,23.3,28.0,18.2,0.0
2024-05-26,21.6,25.0,18.6,0.4
2024-05-27,20.6,25.6,15.4,0.0
2024-05-28,20.9,26.3,15.6,0.0
2024-05-29,21.6,26.9,17.1,0.0
2024-05-30,21.7,26.5,16.6,0.0
2024-05-31,22.3,26.7,19.2,0.0
2024-06-01,23.1,27.1,19.5,0.0
2024-06-02,25.6,29.7,21.4,0.0
2024-06-03,27.4,31.8,22.2,0.0
2024-06-04,29.9,37.5,22.5,0.0
2024-06-05,30.7,36.9,26.1,0.0
2024-06-06,29.5,34.3,24.6,0.0
2024-06-07,28.8,33.5,23.3,0.8
2024-06-08,29.0,34.4,22.9,0.0
2024-06-09,28.8,34.1,22.8,0.0
2024-06-10,28.9,33.9,24.0,0.0
2024-06-11,30.6,37.5,26.5,0.0
2024-06-12,31.6,36.2,28.2,0.0
2024-06-13,34.7,39.9,28.7,0.0
2024-06-14,31.1,36.3,25.6,0.0
2024-06-15,27.3,31.7,23.4,0.0
2024-06-16,27.0,31.7,22.2,0.0
2024-06-17,28.9,33.6,23.5,1.0
2024-06-18,30.3,35.9,24.1,0.0
2024-06-19,29.9,34.9,25.1,0.0
2024-06-20,30.0,35.7,24.1,0.0
2024-06-21,30.8,35.4,27.2,0.0
2024-06-22,29.7,35.0,24.1,0.0
2024-06-23,29.1,37.9,21.9,0.0
2024-06-24,29.3,36.2,22.8,0.0
2024-06-25,29.6,35.5,23.3,0.0
2024-06-26,29.5,35.2,24.1,0.0
2024-06-27,28.8,34.7,23.6,0.0
2024-06-28,27.8,32.6,23.0,1.1
2024-06-29,27.4,31.6,23.2,0.0
2024-06-30,27.4,32.5,21.6,0.0
2024-07-01,28.7,35.0,22.3,0.0
2024-07-02,29.1,33.6,24.9,0.0
2024-07-03,28.0,32.9,24.5,0.5
2024-07-04,24.4,29.2,22.3,26.0
2024-07-05,25.0,30.0,19.9,1.5
2024-07-06,26.0,31.5,19.9,0.0
2024-07-07,27.0,33.1,20.3,0.0
2024-07-08,29.4,36.0,22.1,0.0
2024-07-09,30.7,36.5,24.4,0.0
2024-07-10,31.8,36.9,27.3,0.0
2024-07-11,31.6,36.6,26.0,0.0
2024-07-12,31.9,37.6,26.3,0.0
2024-07-13,32.0,38.3,25.2,0.0
2024-07-14,32.1,37.6,26.6,0.0
2024-07-15,31.3,37.1,25.1,0.0
2024-07-16,31.2,36.7,25.0,0.0
2024-07-17,32.5,37.8,26.7,0.0
2024-07-18,33.3,38.7,27.1,0.0
2024-07-19,32.8,37.4,28.4,0.0
2024-07-20,31.7,37.2,26.2,0.0
2024-07-21,30.9,36.0,25.4,0.0
2024-07-22,31.8,37.1,27.1,0.0
2024-07-23,31.8,36.4,27.5,2.4
2024-07-24,31.0,36.3,26.0,0.0
2024-07-25,29.4,33.5,25.4,0.5
2024-07-26,28.4,34.6,23.8,0.2
2024-07-27,29.2,34.5,23.2,0.0
2024-07-28,29.2,34.5,24.6,0.0
2024-07-29,29.8,36.3,23.7,0.0
2024-07-30,30.5,35.6,24.9,0.0
2024-07-31,28.5,32.7,24.8,0.0
2024-08-01,28.3,33.9,23.5,0.0
2024-08-02,28.4,35.8,20.7,0.0
2024-08-03,30.3,35.5,25.3,0.0
2024-08-04,31.9,36.1,26.8,0.5
2024-08-05,30.3,34.8,25.6,0.3
2024-08-06,29.2,33.6,25.0,1.9
2024-08-07,29.3,34.9,24.6,0.3
2024-08-08,29.4,34.5,24.0,0.0
2024-08-09,29.6,35.8,23.4,0.0
2024-08-10,30.6,34.7,26.4,0.8
2024-08-11,29.1,33.7,24.5,0.0
2024-08-12,29.8,35.0,24.9,0.0
2024-08-13,30.0,37.5,22.9,0.0
2024-08-14,30.6,37.2,24.3,0.0
2024-08-15,30.3,36.8,23.9,0.0
2024-08-16,31.9,37.9,26.1,0.0
2024-08-17,31.5,36.5,26.3,0.0
2024-08-18,30.1,34.8,25.4,0.0
2024-08-19,28.9,32.1,25.5,0.0
2024-08-20,28.1,31.6,24.8,0.0
2024-08-21,27.8,32.8,24.0,1.3
2024-08-22,28.9,35.0,22.8,0.2
2024-08-23,30.7,36.9,24.3,0.0
2024-08-24,30.9,36.9,25.2,0.0
2024-08-25,29.3,34.0,25.2,0.0
2024-08-26,28.9,33.3,24.7,0.2
2024-08-27,27.8,32.6,22.8,0.0
2024-08-28,27.7,33.5,22.5,0.6
2024-08-29,27.1,31.8,24.6,7.2
2024-08-30,25.7,31.4,23.0,5.6
2024-08-31,23.5,28.0,21.2,13.4
2024-09-01,23.9,28.1,20.2,0.2
2024-09-02,25.1,30.3,20.6,0.4
2024-09-03,25.1,30.4,20.6,0.9
2024-09-04,26.2,31.5,21.7,0.2
2024-09-05,27.1,33.0,21.4,0.2
2024-09-06,28.1,33.4,23.1,0.2
2024-09-07,28.5,33.1,23.6,0.0
2024-09-08,26.2,30.6,21.8,0.1
2024-09-09,25.1,30.4,20.0,0.0
2024-09-10,24.2,26.7,21.4,6.9
2024-09-11,23.8,27.7,19.8,0.5
2024-09-12,25.5,30.6,21.8,0.0
2024-09-13,26.2,30.4,23.6,0.2
2024-09-14,25.0,29.1,22.4,0.1
2024-09-15,22.3,27.1,17.7,0.0
2024-09-16,21.9,26.9,15.9,0.0
2024-09-17,22.8,27.0,18.5,0.8
2024-09-18,23.0,26.2,20.0,1.3
2024-09-19,21.9,27.0,18.1,9.2
2024-09-20,22.0,25.7,18.3,2.4
2024-09-21,21.2,25.3,17.8,0.0
2024-09-22,21.2,27.2,15.7,0.0
2024-09-23,21.6,27.1,16.3,0.0
2024-09-24,23.3,27.8,19.4,0.0
2024-09-25,24.1,28.4,20.3,0.0
2024-09-26,24.3,29.4,19.8,0.0
2024-09-27,24.8,29.6,20.5,0.0
2024-09-28,24.9,29.7,21.1,0.0
2024-09-29,25.6,31.5,21.3,0.0
2024-09-30,21.2,25.2,18.1,0.0
2024-10-01,20.4,25.3,15.2,0.0
2024-10-02,20.6,25.2,15.1,0.0
2024-10-03,22.6,25.9,19.9,0.0
2024-10-04,23.7,27.7,20.0,0.0
2024-10-05,23.6,28.1,21.5,4.5
2024-10-06,22.3,26.8,18.8,0.2
2024-10-07,21.8,27.0,16.7,0.0
2024-10-08,21.7,26.6,17.0,0.0
2024-10-09,22.7,26.2,19.8,0.0
2024-10-10,23.1,27.0,20.4,0.0
2024-10-11,24.6,29.0,22.0,0.0
2024-10-12,25.6,30.7,21.6,0.1
2024-10-13,22.0,26.6,19.2,0.0
2024-10-14,21.4,27.2,17.1,0.0
2024-10-15,20.7,27.4,15.1,0.0
2024-10-16,20.7,26.7,16.0,0.0
2024-10-17,18.1,21.4,15.6,0.0
2024-10-18,15.7,20.7,12.2,0.0
2024-10-19,15.1,20.3,10.7,0.0
2024-10-20,16.0,21.3,12.4,0.0
2024-10-21,16.0,21.9,11.7,0.0
2024-10-22,15.4,22.2,9.9,0.0
2024-10-23,16.3,23.1,10.8,0.0
2024-10-24,16.3,22.8,11.1,0.0
2024-10-25,16.3,22.1,10.9,0.0
2024-10-26,16.0,22.8,11.1,0.0
2024-10-27,16.6,23.9,10.7,0.0
2024-10-28,17.6,24.7,11.7,0.0
2024-10-29,18.9,26.5,12.6,0.0
2024-10-30,18.2,23.6,14.2,0.0
2024-10-31,16.5,21.1,12.7,0.0
2024-11-01,17.0,22.0,13.1,0.0
2024-11-02,16.1,22.2,11.1,0.0
2024-11-03,16.3,22.0,10.8,0.0
2024-11-04,14.6,19.4,11.0,0.0
2024-11-05,13.9,19.0,9.2,0.0
2024-11-06,13.3,17.7,9.6,0.0
2024-11-07,12.7,17.6,8.0,0.0
2024-11-08,13.9,19.1,10.2,0.0
2024-11-09,14.3,19.6,11.1,0.0
2024-11-10,12.2,16.9,8.4,0.0
2024-11-11,12.2,17.9,7.2,0.0
2024-11-12,13.3,16.1,10.8,5.2
2024-11-13,15.2,18.5,11.2,0.0
2024-11-14,16.3,19.1,14.4,5.5
2024-11-15,14.6,17.9,12.0,6.3
2024-11-16,12.5,13.8,11.0,5.6
2024-11-17,10.8,13.6,8.9,3.1
2024-11-18,12.3,17.5,8.3,0.0
2024-11-19,13.1,17.2,8.6,0.0
2024-11-20,15.5,19.5,12.5,0.0
2024-11-21,18.3,20.2,14.2,0.0
2024-11-22,16.0,20.2,12.3,0.0
2024-11-23,15.6,19.6,9.3,0.1
2024-11-24,9.5,13.7,6.9,0.0
2024-11-25,9.2,14.8,4.1,0.0
2024-11-26,10.6,14.1,7.1,0.0
2024-11-27,12.6,18.0,8.1,0.0
2024-11-28,13.1,17.0,8.9,0.0
2024-11-29,14.0,17.8,10.1,0.0
2024-11-30,14.9,18.4,13.2,43.4
2024-12-01,13.3,14.9,11.4,26.8
2024-12-02,11.7,14.1,10.3,8.6
2024-12-03,11.5,14.3,8.2,1.6
2024-12-04,10.9,14.0,7.9,0.4
2024-12-05,12.8,15.6,10.0,0.0
2024-12-06,13.5,16.0,12.4,19.8
2024-12-07,13.1,16.0,11.0,17.3
2024-12-08,13.3,16.4,9.9,0.9
2024-12-09,16.6,18.3,15.5,3.6
2024-12-10,15.7,18.0,13.2,1.8
2024-12-11,13.1,16.7,11.0,0.0
2024-12-12,11.5,16.6,7.9,0.1
2024-12-13,10.8,15.1,8.2,0.0
2024-12-14,10.5,12.9,8.1,0.0
2024-12-15,13.9,16.4,11.7,0.0
2024-12-16,10.2,12.0,6.0,0.5
2024-12-17,9.0,14.0,4.5,0.0
2024-12-18,11.5,16.9,7.3,0.0
2024-12-19,11.3,16.0,8.0,0.0
2024-12-20,12.3,16.6,9.1,0.0
2024-12-21,12.6,15.8,8.7,5.9
2024-12-22,9.7,13.1,6.4,0.0
2024-12-23,11.5,14.6,7.6,4.0
2024-12-24,11.9,14.0,8.6,3.4
2024-12-25,8.2,9.3,7.1,30.2
2024-12-26,10.3,12.1,7.9,20.4
2024-12-27,8.7,9.6,7.2,2.8
2024-12-28,6.7,8.8,4.5,3.6
2024-12-29,8.0,9.9,6.7,1.1
2024-12-30,8.4,12.4,5.6,0.0
2024-12-31,9.1,15.3,4.3,0.0
2025-01-01,9.7,14.6,6.0,0.0
2025-01-02,9.6,13.5,6.4,0.0
2025-01-03,10.2,14.4,6.9,0.0
2025-01-04,11.5,15.2,8.5,0.0
2025-01-05,11.0,14.8,7.8,0.0
2025-01-06,11.5,15.0,9.0,0.0
2025-01-07,11.8,15.0,9.2,0.0
2025-01-08,13.4,16.5,11.0,0.1
2025-01-09,12.7,16.6,10.0,0.0
2025-01-10,12.4,16.6,9.5,0.0
2025-01-11,12.4,15.6,9.7,0.0
2025-01-12,13.3,17.4,11.1,4.8
2025-01-13,8.6,10.8,6.9,13.4
2025-01-14,7.0,9.0,5.5,20.1
2025-01-15,7.4,10.6,4.7,0.3
2025-01-16,8.7,10.7,7.4,0.2
2025-01-17,8.5,12.0,6.2,0.3
2025-01-18,8.9,14.9,4.9,0.0
2025-01-19,9.7,15.6,5.9,0.0
2025-01-20,10.6,15.9,7.1,0.0
2025-01-21,11.2,14.7,9.0,0.4
2025-01-22,10.4,15.6,6.6,0.0
2025-01-23,10.9,14.8,8.0,0.0
2025-01-24,11.7,15.5,9.3,1.6
2025-01-25,11.8,18.3,8.2,0.0
2025-01-26,11.2,14.8,8.1,0.0
2025-01-27,11.9,15.5,9.5,0.0
2025-01-28,11.2,15.4,8.0,0.0
2025-01-29,12.7,16.4,9.2,0.0
2025-01-30,13.5,14.6,10.8,1.9
2025-01-31,12.0,17.5,7.7,0.6
2025-02-01,11.8,16.2,8.1,0.0
2025-02-02,11.2,15.4,7.6,0.0
2025-02-03,11.6,15.7,6.9,8.3
2025-02-04,9.7,11.6,5.7,20.0
2025-02-05,6.5,8.3,4.3,0.1
2025-02-06,6.3,9.0,3.2,0.0
2025-02-07,5.7,7.8,3.3,0.0
2025-02-08,5.5,7.7,4.0,0.0
2025-02-09,5.2,7.7,3.5,0.0
2025-02-10,5.2,8.7,2.7,0.0
2025-02-11,5.0,8.7,2.2,0.0
2025-02-12,5.6,9.7,2.2,0.0
2025-02-13,6.7,10.9,3.2,3.1
2025-02-14,10.4,14.0,7.2,7.6
2025-02-15,11.8,15.0,9.2,1.2
2025-02-16,12.4,15.7,10.4,4.3
2025-02-17,11.9,15.8,8.7,0.2
2025-02-18,11.2,13.5,9.8,0.9
2025-02-19,8.3,9.7,5.2,1.4
2025-02-20,5.0,7.7,2.1,0.0
2025-02-21,4.6,7.5,1.1,0.0
2025-02-22,3.8,5.7,1.9,0.0
2025-02-23,4.7,9.5,0.9,0.0
2025-02-24,7.2,10.4,3.5,0.2
2025-02-25,10.3,13.9,6.8,0.3
2025-02-26,11.2,15.2,7.0,0.6
2025-02-27,11.4,14.3,8.8,1.4
2025-02-28,11.9,15.5,9.4,1.7
2025-03-01,11.4,15.3,7.5,0.0
2025-03-02,11.9,14.8,8.9,0.5
2025-03-03,10.1,11.8,6.9,6.7
2025-03-04,8.1,10.7,5.8,0.0
2025-03-05,9.9,14.7,6.8,0.0
2025-03-06,11.2,18.6,5.5,0.0
2025-03-07,12.9,20.5,7.0,0.0
2025-03-08,13.2,19.6,7.8,0.0
2025-03-09,13.3,19.5,8.1,0.0
2025-03-10,14.0,18.8,10.3,0.0
2025-03-11,15.0,17.9,12.0,0.0
2025-03-12,17.5,22.7,14.5,0.0
2025-03-13,17.7,20.7,15.3,0.0
2025-03-14,17.3,22.8,13.6,0.0
2025-03-15,18.5,23.2,14.2,0.0
2025-03-16,20.0,25.2,15.9,0.0
2025-03-17,16.3,19.7,12.6,0.0
2025-03-18,11.6,16.7,7.3,3.6
2025-03-19,6.7,9.2,4.9,5.0
2025-03-20,8.1,13.8,3.9,0.0
2025-03-21,10.2,16.0,4.2,0.0
2025-03-22,11.4,15.7,6.9,0.0
2025-03-23,14.0,17.4,9.1,0.8
2025-03-24,16.6,19.3,14.3,0.0
2025-03-25,16.5,21.0,13.5,0.0
2025-03-26,17.0,21.8,14.0,0.0
2025-03-27,17.5,21.7,14.8,0.2
2025-03-28,15.0,18.4,11.4,0.3
2025-03-29,14.7,18.2,11.6,0.5
2025-03-30,14.5,17.7,11.3,0.6
2025-03-31,13.5,17.3,10.5,6.8
2025-04-01,13.7,18.4,10.4,7.1
2025-04-02,13.6,16.7,10.3,2.0
2025-04-03,13.2,17.3,9.9,9.0
2025-04-04,12.8,17.5,9.4,8.8
2025-04-05,12.5,16.2,9.7,24.2
2025-04-06,13.5,17.1,9.9,0.0
2025-04-07,10.5,13.6,8.0,1.1
2025-04-08,9.4,12.5,7.4,0.1
2025-04-09,8.7,11.4,7.1,2.1
2025-04-10,10.1,15.2,4.7,0.0
2025-04-11,12.2,17.9,8.1,0.0
2025-04-12,13.4,19.5,8.1,3.6
2025-04-13,13.2,18.2,8.6,0.0
2025-04-14,14.7,19.4,9.9,0.0
2025-04-15,16.0,20.9,12.0,0.0
2025-04-16,17.5,23.4,12.0,0.2
2025-04-17,19.8,26.1,14.0,0.0
2025-04-18,19.3,24.7,14.9,0.0
2025-04-19,18.1,24.7,12.3,0.0
2025-04-20,18.7,23.4,13.4,0.0
2025-04-21,18.9,23.8,13.4,0.0
2025-04-22,17.4,22.2,13.7,0.3
2025-04-23,19.6,26.4,13.8,0.1
2025-04-24,17.8,21.8,15.6,1.3
2025-04-25,16.0,19.6,12.7,13.9
2025-04-26,16.4,20.5,13.9,5.0
2025-04-27,16.2,19.1,14.1,3.4
2025-04-28,13.7,16.0,11.4,0.0
2025-04-29,12.7,15.6,10.2,0.2
2025-04-30,13.8,17.4,9.9,1.2
2025-05-01,17.3,21.0,13.8,0.0
2025-05-02,19.8,23.6,16.2,0.0
2025-05-03,20.7,26.3,15.3,0.0
2025-05-04,20.3,26.3,16.1,0.0
2025-05-05,21.1,26.1,17.6,0.0
2025-05-06,22.2,28.0,18.1,0.0
2025-05-07,22.1,28.3,17.8,0.0
2025-05-08,23.1,30.7,17.9,0.0
2025-05-09,23.3,28.7,18.5,0.0
2025-05-10,22.6,27.9,18.2,0.0
2025-05-11,19.2,24.3,14.8,0.0
2025-05-12,18.8,23.0,16.0,9.1
2025-05-13,18.0,22.8,14.2,8.8
2025-05-14,17.0,21.0,14.0,2.7
2025-05-15,17.1,20.6,13.7,0.0
2025-05-16,18.3,23.6,14.3,9.2
2025-05-17,19.5,23.9,16.2,0.0
2025-05-18,20.0,25.4,15.1,0.0
2025-05-19,20.2,25.6,14.4,0.0
2025-05-20,21.4,27.6,15.5,0.0
2025-05-21,22.3,27.0,17.4,0.0
2025-05-22,23.6,28.2,18.0,0.0
2025-05-23,23.7,30.5,18.1,0.0
2025-05-24,25.2,29.1,19.6,0.0
2025-05-25,22.4,27.0,17.9,4.0
2025-05-26,19.2,24.1,15.0,1.0
2025-05-27,20.9,27.7,15.3,0.0
2025-05-28,20.4,26.1,17.8,6.8
2025-05-29,20.6,25.5,16.0,0.0
2025-05-30,20.1,23.8,17.0,0.3
2025-05-31,20.4,23.7,17.0,0.8
2025-06-01,22.3,27.4,17.4,0.2
2025-06-02,23.0,28.3,17.5,0.0
2025-06-03,24.3,29.8,18.5,0.0
2025-06-04,26.3,31.9,20.0,0.0
2025-06-05,28.2,33.8,21.7,0.0
2025-06-06,28.8,35.0,22.6,0.0
2025-06-07,29.3,34.6,23.9,0.0
2025-06-08,28.7,33.6,22.9,0.0
2025-06-09,28.9,33.9,22.7,0.0
2025-06-10,28.1,32.4,23.5,0.0
2025-06-11,27.7,33.1,22.5,0.0
2025-06-12,29.0,33.9,23.8,0.0
2025-06-13,28.8,33.4,24.2,0.0
2025-06-14,27.4,31.9,22.8,0.0
2025-06-15,26.5,30.9,22.1,0.0
2025-06-16,26.5,31.0,21.4,0.0
2025-06-17,27.8,33.2,22.0,0.0
2025-06-18,28.6,33.1,24.0,0.0
2025-06-19,29.2,34.2,23.4,0.0
2025-06-20,29.6,35.0,23.8,0.0
2025-06-21,26.6,29.3,23.6,3.6
2025-06-22,24.7,28.8,20.6,0.0
2025-06-23,26.6,32.9,20.4,0.0
2025-06-24,28.6,34.4,22.6,0.0
2025-06-25,30.7,37.7,23.0,0.0
2025-06-26,32.7,38.4,27.5,0.0
2025-06-27,33.5,38.8,27.9,0.0
2025-06-28,31.5,35.4,28.4,0.0
2025-06-29,27.0,29.4,24.8,0.3
2025-06-30,27.4,32.4,22.4,0.0
2025-07-01,30.9,37.6,25.2,0.0
2025-07-02,29.7,33.1,26.7,0.0
2025-07-03,28.5,32.8,24.2,0.0
2025-07-04,29.2,34.4,24.2,0.0
2025-07-05,30.0,36.0,23.2,0.0
2025-07-06,30.6,37.4,24.5,0.0
2025-07-07,29.4,35.0,22.9,0.0
2025-07-08,31.3,38.1,24.4,0.0
2025-07-09,31.9,37.0,27.5,0.0
2025-07-10,28.5,32.2,24.6,0.0
2025-07-11,27.7,32.3,23.3,0.0
2025-07-12,28.4,33.9,22.3,0.0
2025-07-13,29.5,34.8,23.9,0.0
2025-07-14,30.5,35.8,24.9,0.0
2025-07-15,30.6,35.3,25.1,0.0
2025-07-16,31.0,35.2,27.0,0.0
2025-07-17,30.8,35.7,26.2,0.0
2025-07-18,30.0,34.5,25.4,0.0
2025-07-19,29.6,34.2,25.1,0.6
2025-07-20,30.1,35.1,25.1,0.0
2025-07-21,31.4,36.4,25.9,0.0
2025-07-22,32.3,38.7,26.4,0.0
2025-07-23,32.6,37.7,26.5,0.0
2025-07-24,34.1,41.2,27.0,0.0
2025-07-25,35.1,40.9,29.3,0.0
2025-07-26,33.9,38.0,29.3,0.0
2025-07-27,32.1,38.4,27.2,0.0
2025-07-28,31.2,36.3,25.2,0.0
2025-07-29,29.3,34.8,24.4,0.0
2025-07-30,29.7,34.2,25.2,0.0
2025-07-31,28.6,32.5,25.0,2.6
2025-08-01,26.4,30.9,22.4,0.0
2025-08-02,28.3,33.0,23.6,0.0
2025-08-03,29.2,33.9,24.2,0.6
2025-08-04,29.2,33.1,24.7,0.0
2025-08-05,28.6,32.6,24.0,0.0
2025-08-06,27.3,30.8,23.0,1.6
2025-08-07,29.0,32.7,24.7,0.0
2025-08-08,29.0,32.3,25.9,0.0
2025-08-09,29.1,33.5,25.6,0.0
2025-08-10,29.4,34.6,24.8,0.0
2025-08-11,30.1,35.4,25.5,0.0
2025-08-12,30.0,34.4,25.6,0.0
2025-08-13,28.6,33.3,24.6,0.0
2025-08-14,27.1,32.2,23.4,0.1
2025-08-15,26.7,30.2,22.9,0.0
2025-08-16,26.7,29.5,23.6,0.0
2025-08-17,26.8,32.8,22.6,0.0
2025-08-18,26.7,31.0,21.9,0.1
2025-08-19,27.9,32.6,23.0,0.4
2025-08-20,27.1,30.8,22.8,0.4
2025-08-21,27.6,32.5,22.2,0.0
2025-08-22,29.4,35.8,24.0,0.0
2025-08-23,29.7,34.4,24.6,0.0
2025-08-24,28.0,32.2,24.8,0.0
2025-08-25,27.1,32.2,22.3,0.0
2025-08-26,26.8,31.2,22.7,0.0
2025-08-27,25.6,29.9,21.2,0.0
2025-08-28,26.0,32.0,21.2,0.0
2025-08-29,25.9,33.3,19.8,0.0
2025-08-30,26.0,31.0,21.5,0.0
2025-08-31,28.0,33.5,23.8,0.0
2025-09-01,27.6,32.7,22.7,0.0
2025-09-02,28.4,34.3,22.4,0.0
2025-09-03,29.7,35.3,24.0,0.0
2025-09-04,27.8,31.2,25.0,0.0
2025-09-05,26.3,30.3,22.5,0.0
2025-09-06,27.4,32.8,23.0,0.0
2025-09-07,26.1,31.1,21.4,0.0
2025-09-08,25.5,30.4,20.9,0.0
2025-09-09,26.1,31.2,21.1,0.0
2025-09-10,27.1,32.1,21.3,0.0
2025-09-11,28.4,33.8,22.7,0.0
2025-09-12,28.4,33.0,23.6,0.0
2025-09-13,27.5,31.9,24.1,0.0
2025-09-14,25.4,29.6,21.4,0.0
2025-09-15,25.9,31.2,21.4,0.1
2025-09-16,26.1,31.7,21.4,0.0
2025-09-17,25.9,30.9,20.6,0.0
2025-09-18,23.3,26.1,20.7,0.0
2025-09-19,21.5,25.8,17.5,0.0
2025-09-20,22.0,26.0,18.7,0.0
2025-09-21,23.0,28.0,19.0,0.0
2025-09-22,23.1,29.3,18.2,0.0
2025-09-23,23.0,28.0,17.8,0.0
2025-09-24,23.5,28.3,18.8,0.0
2025-09-25,24.2,29.6,19.2,0.0
2025-09-26,22.3,26.7,19.1,0.0
2025-09-27,20.5,24.6,17.9,0.0
2025-09-28,18.7,22.7,16.6,2.9
2025-09-29,18.5,21.8,16.8,1.1
2025-09-30,18.8,22.5,15.6,0.5
2025-10-01,19.3,23.1,16.0,1.2
2025-10-02,17.7,19.6,16.8,14.2
2025-10-03,17.2,19.7,15.5,0.5
2025-10-04,16.1,19.6,12.7,0.0
2025-10-05,17.7,21.9,14.6,0.0
2025-10-06,19.0,22.2,16.1,0.2
2025-10-07,15.9,19.4,14.0,1.1
2025-10-08,15.2,19.3,11.3,0.0
2025-10-09,17.0,21.7,12.2,0.0
2025-10-10,19.1,24.6,14.1,0.0
2025-10-11,19.3,24.7,14.5,0.0
2025-10-12,18.4,22.5,14.4,0.0
2025-10-13,17.8,22.2,13.7,0.0
2025-10-14,18.4,22.2,14.7,0.0
2025-10-15,18.6,22.6,15.4,0.8
2025-10-16,18.1,22.6,15.3,0.0
2025-10-17,17.7,21.7,14.5,0.4
2025-10-18,19.9,22.8,17.4,0.0
2025-10-19,17.7,19.1,16.4,12.0
2025-10-20,17.3,20.0,15.9,2.3
2025-10-21,18.1,21.0,15.6,2.0
2025-10-22,18.0,21.0,14.3,0.0
2025-10-23,19.4,22.6,17.1,0.6
2025-10-24,20.5,24.7,16.2,0.0
2025-10-25,20.2,25.2,14.7,0.0
2025-10-26,19.6,23.7,16.0,0.0
2025-10-27,21.4,26.2,17.6,0.0
2025-10-28,20.3,24.4,16.0,0.0
2025-10-29,18.2,22.3,14.7,0.0
2025-10-30,17.2,21.5,12.9,0.0
2025-10-31,18.2,21.9,14.3,0.1
2025-11-01,19.4,23.6,15.9,0.5
2025-11-02,19.3,22.9,16.9,2.2
2025-11-03,18.9,22.5,14.4,0.2
2025-11-04,19.1,21.9,16.8,12.2
2025-11-05,16.9,20.0,15.2,1.6
2025-11-06,16.2,19.2,14.5,0.3
2025-11-07,16.1,20.1,13.6,0.0
2025-11-08,17.4,20.9,14.1,13.0
2025-11-09,18.9,21.4,15.9,8.2
2025-11-10,18.1,19.8,15.8,37.0
2025-11-11,16.4,21.0,13.4,11.6
2025-11-12,15.5,19.7,12.3,0.2
2025-11-13,14.5,19.5,10.9,0.0
2025-11-14,14.2,19.1,10.2,0.0
2025-11-15,14.8,19.3,11.1,0.0
2025-11-16,15.1,19.3,11.2,0.0
2025-11-17,16.7,20.1,13.1,0.0
2025-11-18,19.1,21.4,17.8,0.4
2025-11-19,18.8,20.8,16.7,0.7
2025-11-20,19.2,21.1,17.5,0.3
2025-11-21,19.7,21.2,18.7,0.0
2025-11-22,19.5,21.1,18.8,5.7
2025-11-23,16.3,18.6,13.7,2.2
2025-11-24,13.7,17.1,10.4,0.0
2025-11-25,14.7,18.2,10.9,0.0
2025-11-26,17.0,19.9,13.4,13.6
2025-11-27,16.5,18.8,13.7,26.7
2025-11-28,14.2,16.7,11.9,36.1
2025-11-29,12.8,15.5,10.1,0.0
2025-11-30,12.3,16.0,9.2,0.0
2025-12-01,12.3,16.9,8.3,0.0
2025-12-02,12.6,17.0,8.8,0.0
2025-12-03,14.5,17.1,12.7,1.6
2025-12-04,14.1,16.5,12.8,40.9
2025-12-05,13.6,15.0,12.4,31.3
2025-12-06,13.3,17.2,10.5,0.1
2025-12-07,12.8,16.5,10.9,1.9
2025-12-08,12.3,15.5,10.4,0.0
2025-12-09,11.3,15.3,8.2,0.0
2025-12-10,11.4,16.4,7.9,0.0
2025-12-11,12.4,17.8,8.9,0.0
2025-12-12,12.5,17.3,8.7,0.0
2025-12-13,12.0,16.3,9.3,0.0
2025-12-14,12.0,16.0,9.1,0.0
2025-12-15,11.3,16.3,7.0,0.0
2025-12-16,11.5,16.5,8.0,0.0
2025-12-17,11.9,17.0,7.9,0.0
2025-12-18,11.3,16.2,7.6,0.0
2025-12-19,11.4,15.7,7.6,0.0
2025-12-20,11.2,14.8,7.9,0.1
2025-12-21,12.4,16.2,9.7,0.0
2025-12-22,12.7,15.4,10.7,0.0
2025-12-23,12.6,16.7,9.5,0.0
2025-12-24,11.9,14.2,9.8,10.3
2025-12-25,12.7,16.3,9.8,9.9
2025-12-26,10.9,14.4,9.0,0.0
2025-12-27,9.2,11.8,7.0,0.0
2025-12-28,9.2,16.1,5.1,0.0
2025-12-29,8.9,13.1,4.3,0.0
2025-12-30,10.2,14.3,6.1,0.0
2025-12-31,7.4,10.1,4.7,0.3
2026-01-01,4.2,6.9,2.1,0.0
2026-01-02,5.9,10.7,0.9,0.0
2026-01-03,14.5,17.6,9.6,0.0
2026-01-04,15.7,17.5,14.4,0.0
2026-01-05,15.0,16.0,14.3,1.9
2026-01-06,15.8,18.4,14.2,0.6
2026-01-07,16.5,19.3,13.9,2.6
2026-01-08,13.2,17.3,9.7,16.2
2026-01-09,9.6,12.7,5.8,0.0
2026-01-10,13.8,18.0,9.5,2.0
2026-01-11,10.2,12.9,7.7,0.0
2026-01-12,5.3,7.3,3.8,0.0
2026-01-13,5.7,9.9,-0.1,0.0
2026-01-14,9.6,14.2,3.9,0.0
2026-01-15,10.5,15.1,6.6,0.0
2026-01-16,11.2,15.4,6.5,0.0
2026-01-17,9.1,10.1,6.7,0.3
2026-01-18,6.0,7.4,5.1,0.0
2026-01-19,5.0,7.3,3.9,0.0
2026-01-20,6.6,9.3,4.5,0.0
2026-01-21,9.4,13.0,7.7,42.4
2026-01-22,10.0,14.0,7.5,15.1
2026-01-23,10.6,13.9,7.0,0.4
2026-01-24,11.9,14.7,9.2,0.6
2026-01-25,13.0,15.8,10.1,0.7
2026-01-26,12.5,14.5,9.9,26.1
2026-01-27,11.0,15.2,8.0,1.3
2026-01-28,11.4,14.3,8.2,0.2
2026-01-29,14.0,15.9,12.0,12.9
2026-01-30,12.7,15.2,11.1,0.0
2026-01-31,11.8,15.3,9.1,0.5
2026-02-01,12.3,14.0,10.7,19.7
2026-02-02,10.4,13.4,8.5,8.9
2026-02-03,10.0,14.1,5.6,0.0
2026-02-04,12.5,15.3,9.7,0.0
2026-02-05,13.5,15.3,11.9,13.7
2026-02-06,12.3,15.6,9.4,0.9
2026-02-07,14.3,18.4,11.8,0.0
2026-02-08,13.5,16.9,11.3,0.0
2026-02-09,12.1,15.7,9.7,3.3
2026-02-10,10.9,13.5,8.9,4.9
2026-02-11,11.4,14.1,8.8,0.8
2026-02-12,13.1,16.5,9.5,11.7
2026-02-13,12.1,15.0,9.0,0.4
2026-02-14,14.0,16.8,10.8,0.0
2026-02-15,15.8,18.6,13.6,3.5
2026-02-16,12.9,15.6,10.9,3.0
2026-02-17,11.7,14.2,10.0,2.0
2026-02-18,10.7,14.3,8.4,0.0
2026-02-19,9.7,14.7,4.5,0.0
2026-02-20,12.5,15.8,9.7,20.1
2026-02-21,11.4,15.4,7.4,10.5
2026-02-22,9.5,11.9,8.0,0.0
2026-02-23,10.0,14.6,6.3,0.0
2026-02-24,11.4,15.9,7.1,0.0
2026-02-25,11.4,14.9,8.2,0.0
2026-02-26,9.7,14.3,6.7,0.0
2026-02-27,9.1,13.2,6.0,0.0
2026-02-28,8.5,12.9,5.0,0.0
2026-03-01,9.2,13.8,5.2,0.0
2026-03-02,10.9,17.3,5.4,0.0
2026-03-03,12.5,18.1,7.7,0.0
2026-03-04,13.3,18.5,8.3,0.0
2026-03-05,12.6,16.6,9.2,0.0
2026-03-06,13.3,17.9,9.0,0.2
2026-03-07,12.5,16.6,9.4,0.0
2026-03-08,11.2,16.4,6.6,0.0
2026-03-09,10.2,15.1,6.2,0.0
2026-03-10,11.0,17.0,5.4,0.0
2026-03-11,11.9,16.8,7.6,0.0
2026-03-12,12.3,17.2,7.0,0.0
2026-03-13,11.6,17.0,6.7,0.0
2026-03-14,10.8,16.4,5.8,0.0
2026-03-15,11.4,17.2,6.4,0.0
2026-03-16,11.7,16.9,7.8,0.0
2026-03-17,11.4,14.0,8.8,0.1
2026-03-18,11.7,14.9,9.5,1.8
2026-03-19,10.3,12.0,9.0,2.5
2026-03-20,8.4,10.7,6.7,1.5
2026-03-21,8.7,11.9,5.4,0.0
2026-03-22,10.0,13.9,6.5,0.0
2026-03-23,10.5,14.4,7.0,0.6
2026-03-24,10.3,14.0,7.0,2.5
2026-03-25,11.3,14.9,9.0,3.8
2026-03-26,12.1,17.2,7.1,0.0
2026-03-27,12.9,16.7,10.4,6.4
2026-03-28,10.3,14.1,6.0,0.1
2026-03-29,11.2,16.2,6.6,0.7
2026-03-30,12.7,17.8,7.7,0.0
2026-03-31,13.6,16.8,9.1,1.1
2026-04-01,12.9,13.8,12.1,43.1
2026-04-02,12.7,15.0,11.2,32.2
2026-04-03,13.0,15.9,10.0,4.8
2026-04-04,12.8,16.5,9.3,1.3
2026-04-05,13.8,17.5,9.9,1.3
2026-04-06,15.3,20.8,10.5,0.0
2026-04-07,15.9,22.0,10.5,0.0
2026-04-08,18.1,24.0,11.9,0.0
2026-04-09,16.0,19.2,13.7,0.2
2026-04-10,14.9,18.8,12.1,0.0
2026-04-11,14.4,17.4,11.6,0.0
2026-04-12,15.3,17.9,12.7,0.1
2026-04-13,14.9,19.5,9.8,0.0
2026-04-14,15.4,20.3,11.7,3.4
2026-04-15,17.0,21.2,12.9,0.0
2026-04-16,17.1,20.9,13.8,0.0
2026-04-17,17.8,21.9,15.5,0.3
2026-04-18,17.6,21.9,12.8,0.0
2026-04-19,16.9,21.6,12.4,0.4
2026-04-20,17.0,22.1,12.7,0.0
2026-04-21,18.4,23.7,13.5,0.0
2026-04-22,17.8,23.9,14.0,1.0
2026-04-23,13.1,14.4,11.7,3.5
2026-04-24,14.1,19.5,9.0,0.0
2026-04-25,16.3,21.6,11.2,0.0
2026-04-26,19.2,25.4,13.6,0.0
2026-04-27,20.2,26.1,14.8,0.0
2026-04-28,19.1,24.2,14.0,0.0
2026-04-29,19.2,24.3,13.8,0.0
2026-04-30,20.0,25.0,14.7,0.0
2026-05-01,13.5,18.1,11.4,1.0
2026-05-02,11.8,14.7,9.6,0.0
2026-05-03,10.7,13.5,7.1,0.1
2026-05-04,13.9,19.5,7.9,0.0
2026-05-05,17.8,24.8,10.4,0.1
2026-05-06,19.3,24.3,13.9,0.0
2026-05-07,19.6,23.9,15.1,0.0
2026-05-08,19.2,21.5,17.7,2.1
2026-05-09,20.5,24.4,17.3,0.0
2026-05-10,20.1,24.4,15.9,0.0
2026-05-11,20.9,25.1,17.3,0.0
2026-05-12,22.7,28.7,16.8,0.0
2026-05-13,22.2,27.0,17.8,0.0
2026-05-14,21.1,25.0,17.7,0.3
2026-05-15,20.2,24.5,16.3,0.1
2026-05-16,20.2,25.0,17.9,4.2
2026-05-17,20.3,24.2,16.5,0.0
2026-05-18,20.5,25.2,15.2,0.0
2026-05-19,19.4,23.1,16.2,1.9
2026-05-20,20.1,24.8,15.8,0.2
2026-05-21,20.9,26.7,16.1,2.6
2026-05-22,19.9,24.5,16.1,5.8
2026-05-23,19.7,23.2,17.0,4.1
2026-05-24,20.5,24.7,16.1,1.8
2026-05-25,21.7,26.3,16.8,0.3
2026-05-26,23.5,28.2,17.5,0.1
2026-05-27,25.0,30.3,19.9,0.0
2026-05-28,23.7,28.3,18.8,0.0
2026-05-29,24.1,27.4,21.7,1.0
2026-05-30,22.2,26.0,17.8,0.0
2026-05-31,23.6,28.5,18.5,0.8
2026-06-01,24.6,29.4,20.8,0.0
2026-06-02,24.6,29.8,20.4,0.0
2026-06-03,24.8,29.2,20.5,0.0
2026-06-04,25.4,29.1,21.9,0.0
2026-06-05,23.4,27.3,20.3,4.3
2026-06-06,23.5,28.9,18.3,0.0
2026-06-07,26.6,32.8,20.8,0.0
2026-06-08,28.3,32.9,23.1,0.0
2026-06-09,26.9,30.1,22.7,1.7
2026-06-10,27.6,32.7,21.5,0.0
2026-06-11,27.4,32.2,22.1,0.0
2026-06-12,25.8,30.5,21.9,1.5
2026-06-13,22.8,26.2,19.4,0.4
2026-06-14,23.7,29.4,18.2,0.0
2026-06-15,25.1,30.0,19.7,0.0
2026-06-16,26.4,30.5,22.2,0.0
2026-06-17,27.2,32.0,22.2,1.0
2026-06-18,25.3,29.1,21.3,0.8
2026-06-19,26.0,29.3,23.0,0.0
2026-06-20,25.5,29.2,21.0,0.0
2026-06-21,26.8,31.0,22.1,0.0
2026-06-22,28.2,32.4,24.2,0.0
2026-06-23,28.7,33.8,22.9,0.0
2026-06-24,28.1,32.0,24.7,4.3
2026-06-25,28.5,33.3,22.9,0.0
2026-06-26,29.6,33.9,25.6,0.0
2026-06-27,30.1,34.0,27.0,0.0
2026-06-28,28.0,31.7,24.7,0.0
2026-06-29,28.6,35.3,21.8,0.0
2026-06-30,30.6,36.2,25.7,0.0
2026-07-01,29.6,33.8,25.2,0.1
2026-07-02,28.8,32.6,24.7,2.8
2026-07-03,29.7,34.6,25.0,0.5
2026-07-04,28.9,33.1,25.4,4.3
2026-07-05,27.6,30.9,24.8,0.0
2026-07-06,27.4,32.4,21.9,0.0
2026-07-07,28.5,33.3,23.3,0.0
2026-07-08,28.1,33.3,24.0,2.2
2026-07-09,26.9,30.7,23.8,4.8
2026-07-10,25.6,29.2,22.0,2.0
2026-07-11,27.3,33.1,21.5,0.0
2026-07-12,28.5,34.6,22.7,0.0
2026-07-13,29.3,34.9,24.5,1.2
2026-07-14,28.9,34.0,24.0,0.0
2026-07-15,29.5,34.0,24.1,0.0
2026-07-16,31.5,36.5,26.4,0.0
2026-07-17,30.9,35.0,26.4,0.3
2026-07-18,31.4,36.2,26.3,0.0
2026-07-19,31.9,36.4,27.5,0.0
2026-07-20,31.9,37.2,27.3,0.8
2026-07-21,32.0,36.9,28.3,0.0
2026-07-22,30.9,34.8,26.9,0.0
2026-07-23,29.1,34.4,25.2,0.6
2026-07-24,24.7,29.5,19.0,20.8
2026-07-25,22.1,26.2,18.3,1.5
2026-07-26,24.9,31.0,19.3,0.0
2026-07-27,28.2,33.9,23.4,0.0
2026-07-28,30.8,36.9,25.4,0.0
2026-07-29,30.4,34.2,27.6,0.0
2026-07-30,27.9,31.9,25.1,0.0
2026-07-31,27.6,31.9,23.5,0.0
2026-08-01,26.8,31.3,22.5,0.0
2026-08-02,27.0,31.7,22.1,0.0
2026-08-03,29.2,34.8,23.6,0.0
2026-08-04,30.2,35.4,24.6,0.0
2026-08-05,30.7,35.3,26.3,0.0
2026-08-06,31.0,35.7,26.5,0.0
2026-08-07,30.5,35.7,25.8,0.6
2026-08-08,31.3,36.5,26.4,0.2
2026-08-09,31.3,34.7,28.1,0.1
2026-08-10,29.8,34.1,25.9,0.0
2026-08-11,30.5,35.4,26.1,0.0
2026-08-12,30.0,34.9,25.4,0.0
2026-08-13,29.2,33.6,25.2,0.0
2026-08-14,27.2,31.6,23.2,0.0
2026-08-15,25.3,29.8,21.8,0.0
2026-08-16,25.7,30.2,21.9,0.0
2026-08-17,26.3,33.0,20.6,0.0
2026-08-18,27.2,31.8,22.7,0.0
2026-08-19,28.3,32.5,23.6,1.1
2026-08-20,29.9,35.9,23.5,0.0
2026-08-21,30.6,36.9,24.9,0.0
2026-08-22,30.2,34.8,24.8,0.2
2026-08-23,32.8,38.1,27.2,0.0
2026-08-24,33.1,38.1,28.0,0.0
2026-08-25,32.4,37.6,27.0,0.1
2026-08-26,31.8,37.4,27.1,0.0
2026-08-27,31.9,36.9,26.9,0.0
2026-08-28,30.7,35.3,26.5,1.0
2026-08-29,28.3,32.2,23.9,0.0
2026-08-30,28.5,32.6,24.2,0.4
2026-08-31,29.2,34.1,24.1,0.0
