latitude,longitude,elevation,utc_offset_seconds,timezone,timezone_abbreviation
40.175747,-8.457214,88.0,3600,Europe/Lisbon,GMT+1

time,temperature_2m_mean (°C),temperature_2m_max (°C),temperature_2m_min (°C),precipitation_sum (mm)
2024-01-01,9.0,14.3,4.0,0.00
2024-01-02,14.3,17.2,9.5,4.60
2024-01-03,13.5,15.8,8.6,15.60
2024-01-04,11.5,14.9,8.0,11.20
2024-01-05,8.1,11.2,5.1,5.40
2024-01-06,7.5,11.3,3.8,0.00
2024-01-07,6.7,12.6,1.8,0.00
2024-01-08,6.8,10.4,3.4,4.80
2024-01-09,8.4,13.4,3.8,1.90
2024-01-10,11.0,13.7,8.9,2.40
2024-01-11,9.2,11.7,5.5,0.20
2024-01-12,8.3,13.3,3.8,0.00
2024-01-13,13.9,16.3,11.9,17.10
2024-01-14,15.3,17.1,13.9,24.40
2024-01-15,15.9,17.9,15.2,17.30
2024-01-16,16.7,19.1,15.2,5.20
2024-01-17,14.2,16.1,12.4,26.60
2024-01-18,13.0,15.5,11.4,13.00
2024-01-19,11.3,14.8,5.9,4.40
2024-01-20,7.0,11.5,3.2,0.00
2024-01-21,7.4,15.7,1.9,0.00
2024-01-22,11.5,16.1,5.6,0.10
2024-01-23,13.8,18.7,9.9,0.00
2024-01-24,14.4,22.8,8.7,0.00
2024-01-25,13.3,20.1,8.9,0.00
2024-01-26,13.5,19.2,9.9,0.00
2024-01-27,14.0,22.1,9.1,0.00
2024-01-28,13.4,19.7,8.9,0.00
2024-01-29,14.0,20.4,10.1,0.00
2024-01-30,12.3,20.0,7.4,0.00
2024-01-31,11.8,19.2,7.2,0.00
2024-02-01,13.0,19.8,9.1,0.00
2024-02-02,12.7,19.0,8.5,0.00
2024-02-03,12.8,20.0,7.9,0.00
2024-02-04,12.0,18.9,6.8,0.00
2024-02-05,12.1,17.5,7.7,0.00
2024-02-06,11.5,16.4,7.2,0.00
2024-02-07,14.5,18.2,9.0,1.40
2024-02-08,14.0,14.5,13.3,22.50
2024-02-09,12.7,14.0,10.5,30.30
2024-02-10,10.1,12.5,8.1,10.90
2024-02-11,10.7,13.7,6.9,10.80
2024-02-12,14.6,17.8,11.8,9.40
2024-02-13,16.7,19.9,14.1,11.10
2024-02-14,17.4,22.7,13.4,0.90
2024-02-15,15.8,19.4,11.4,10.60
2024-02-16,13.1,16.1,10.5,1.00
2024-02-17,12.5,18.8,7.5,0.00
2024-02-18,12.5,19.1,7.8,0.00
2024-02-19,14.1,21.1,9.1,0.00
2024-02-20,14.7,21.1,9.1,0.00
2024-02-21,12.5,16.7,8.7,0.00
2024-02-22,12.8,16.0,8.7,4.90
2024-02-23,9.3,12.5,7.6,20.90
2024-02-24,10.2,12.8,7.7,12.60
2024-02-25,13.4,14.6,11.9,15.50
2024-02-26,10.4,12.6,8.4,2.80
2024-02-27,9.0,13.5,4.7,0.00
2024-02-28,9.4,15.4,2.9,0.00
2024-02-29,10.8,14.7,7.8,2.10
2024-03-01,9.8,14.0,5.9,2.60
2024-03-02,9.9,12.0,7.0,17.90
2024-03-03,9.2,13.8,4.6,4.10
2024-03-04,12.2,15.0,8.6,4.90
2024-03-05,10.4,15.0,6.2,0.50
2024-03-06,10.2,15.8,4.8,0.00
2024-03-07,10.2,11.5,7.7,15.70
2024-03-08,10.6,13.6,7.8,25.40
2024-03-09,8.8,11.3,6.9,27.30
2024-03-10,11.0,14.3,8.2,15.40
2024-03-11,10.9,15.4,7.1,1.20
2024-03-12,12.0,19.5,4.3,0.00
2024-03-13,13.0,20.9,6.5,0.00
2024-03-14,13.2,18.6,8.2,0.60
2024-03-15,16.0,19.2,14.0,2.30
2024-03-16,17.3,21.7,14.6,0.20
2024-03-17,16.2,23.7,10.4,0.00
2024-03-18,16.5,25.2,11.0,0.00
2024-03-19,13.3,18.7,9.8,0.00
2024-03-20,12.3,18.4,6.9,0.00
2024-03-21,15.4,24.2,6.4,0.00
2024-03-22,19.7,27.2,14.2,0.00
2024-03-23,19.5,25.0,16.0,0.00
2024-03-24,18.0,23.7,13.6,0.00
2024-03-25,11.5,14.0,7.3,3.20
2024-03-26,8.1,10.9,3.9,19.50
2024-03-27,11.9,15.6,9.8,18.60
2024-03-28,11.4,15.0,9.4,17.30
2024-03-29,10.4,14.4,8.5,12.00
2024-03-30,9.3,12.0,7.5,10.60
2024-03-31,9.8,13.7,6.5,3.80
2024-04-01,11.2,15.1,7.9,11.30
2024-04-02,13.5,15.9,11.4,7.70
2024-04-03,14.6,19.8,10.7,0.80
2024-04-04,14.2,21.2,7.6,0.50
2024-04-05,18.8,24.8,13.1,0.00
2024-04-06,16.1,19.7,13.1,8.70
2024-04-07,14.9,20.1,11.5,3.10
2024-04-08,12.8,14.9,8.6,23.60
2024-04-09,11.0,17.4,5.1,0.00
2024-04-10,14.3,22.8,6.7,0.00
2024-04-11,18.4,26.5,11.6,0.00
2024-04-12,19.7,28.0,12.8,0.00
2024-04-13,20.1,28.0,13.0,0.00
2024-04-14,21.2,28.8,14.0,0.00
2024-04-15,16.5,23.6,10.1,0.00
2024-04-16,17.6,25.4,11.1,0.00
2024-04-17,18.3,24.9,11.7,0.00
2024-04-18,19.8,26.6,14.0,0.00
2024-04-19,18.1,24.9,13.0,6.10
2024-04-20,18.1,24.7,13.0,11.00
2024-04-21,18.3,25.9,11.7,0.00
2024-04-22,17.4,23.6,11.3,0.00
2024-04-23,16.0,22.8,9.8,0.00
2024-04-24,15.7,23.1,9.4,0.00
2024-04-25,14.2,17.9,10.7,0.70
2024-04-26,12.8,17.8,9.9,12.10
2024-04-27,11.5,15.6,8.4,6.50
2024-04-28,10.7,15.6,5.6,2.00
2024-04-29,12.0,17.0,7.4,0.00
2024-04-30,12.5,17.0,8.4,9.20
2024-05-01,10.5,14.0,7.1,6.60
2024-05-02,11.3,15.6,7.4,2.20
2024-05-03,14.1,19.4,9.5,0.10
2024-05-04,15.2,18.7,11.6,2.50
2024-05-05,15.9,19.7,13.8,9.30
2024-05-06,14.1,19.2,9.5,0.10
2024-05-07,15.5,24.0,6.9,0.00
2024-05-08,19.8,27.0,13.7,0.00
2024-05-09,20.8,28.8,14.0,0.00
2024-05-10,18.8,26.8,11.9,0.00
2024-05-11,16.9,23.5,12.5,0.00
2024-05-12,16.2,20.2,13.7,0.00
2024-05-13,15.8,19.9,12.5,3.80
2024-05-14,13.8,16.7,11.1,2.90
2024-05-15,13.1,16.4,8.8,1.00
2024-05-16,13.7,17.8,9.8,6.60
2024-05-17,14.2,17.5,10.7,2.60
2024-05-18,13.6,17.7,8.7,1.20
2024-05-19,14.7,18.9,11.0,0.60
2024-05-20,15.3,19.3,12.4,2.30
2024-05-21,14.6,18.4,11.4,1.30
2024-05-22,15.1,18.8,11.5,0.80
2024-05-23,14.7,22.4,7.1,0.00
2024-05-24,16.5,24.9,9.0,0.00
2024-05-25,16.3,23.6,10.7,0.00
2024-05-26,17.4,21.3,12.9,0.20
2024-05-27,15.8,23.2,9.0,0.00
2024-05-28,18.4,28.0,10.5,0.00
2024-05-29,19.2,29.1,11.8,0.00
2024-05-30,21.2,30.6,12.6,0.00
2024-05-31,24.7,32.2,17.5,0.00
2024-06-01,24.7,31.1,18.0,0.00
2024-06-02,23.9,30.7,16.9,0.00
2024-06-03,22.3,29.7,16.5,0.00
2024-06-04,21.4,28.4,14.6,0.00
2024-06-05,19.1,26.6,14.9,0.00
2024-06-06,20.2,28.9,13.8,0.10
2024-06-07,23.5,33.1,17.7,2.30
2024-06-08,18.9,21.8,16.5,32.40
2024-06-09,18.3,21.9,15.7,0.80
2024-06-10,19.3,24.6,15.7,1.10
2024-06-11,18.5,24.5,12.9,0.20
2024-06-12,17.7,23.4,13.7,0.00
2024-06-13,16.7,23.0,11.5,0.00
2024-06-14,17.1,21.5,12.9,0.50
2024-06-15,15.9,21.0,10.9,0.00
2024-06-16,16.9,22.1,12.1,0.30
2024-06-17,18.7,23.2,14.7,8.70
2024-06-18,17.7,21.3,15.1,7.00
2024-06-19,16.2,20.6,13.2,9.60
2024-06-20,16.9,20.7,14.3,0.00
2024-06-21,16.7,21.6,12.7,0.00
2024-06-22,16.6,24.2,9.3,0.00
2024-06-23,20.5,27.6,14.8,0.00
2024-06-24,21.0,29.4,15.2,0.00
2024-06-25,17.9,20.1,16.2,1.20
2024-06-26,19.7,26.4,16.2,0.30
2024-06-27,20.6,26.8,15.4,0.20
2024-06-28,19.2,24.9,16.4,25.00
2024-06-29,17.9,20.1,15.7,0.40
2024-06-30,18.0,21.4,14.5,2.20
2024-07-01,19.5,26.2,13.2,0.00
2024-07-02,23.5,31.8,16.4,0.00
2024-07-03,21.0,27.6,14.9,0.00
2024-07-04,23.9,34.2,15.4,0.00
2024-07-05,21.4,29.5,15.7,0.00
2024-07-06,18.6,22.5,15.2,0.10
2024-07-07,17.2,22.5,11.4,0.00
2024-07-08,18.4,26.2,11.6,0.00
2024-07-09,20.8,25.0,16.5,1.00
2024-07-10,22.5,28.4,19.4,0.30
2024-07-11,22.2,28.0,18.0,0.10
2024-07-12,20.9,27.2,15.5,0.00
2024-07-13,18.0,24.7,12.3,0.00
2024-07-14,19.7,27.1,12.5,1.40
2024-07-15,20.4,23.9,16.9,18.20
2024-07-16,19.0,25.0,15.2,0.00
2024-07-17,19.3,26.8,13.5,0.00
2024-07-18,21.1,30.5,14.1,0.00
2024-07-19,21.2,28.4,15.3,0.00
2024-07-20,21.5,25.7,18.4,0.40
2024-07-21,20.9,27.1,16.3,0.00
2024-07-22,25.8,37.1,13.7,0.00
2024-07-23,29.0,38.7,20.6,0.00
2024-07-24,25.2,34.8,17.8,0.00
2024-07-25,21.0,26.5,17.6,0.00
2024-07-26,21.7,29.4,16.6,0.00
2024-07-27,22.0,28.3,17.9,0.00
2024-07-28,23.3,32.1,15.9,0.00
2024-07-29,27.6,36.6,21.0,0.70
2024-07-30,26.1,32.5,20.6,0.10
2024-07-31,21.8,27.1,18.6,0.00
2024-08-01,20.9,25.5,17.9,0.00
2024-08-02,20.8,26.6,17.5,0.00
2024-08-03,21.6,29.8,15.6,0.00
2024-08-04,22.7,32.2,15.5,0.00
2024-08-05,21.2,28.5,16.2,0.00
2024-08-06,21.9,28.3,17.7,0.00
2024-08-07,22.2,30.1,16.8,0.00
2024-08-08,21.0,28.1,15.5,0.00
2024-08-09,23.0,32.3,15.3,0.00
2024-08-10,24.0,33.9,16.6,0.00
2024-08-11,21.9,29.4,16.5,0.00
2024-08-12,21.8,27.7,18.7,0.10
2024-08-13,21.0,25.4,17.4,0.10
2024-08-14,21.4,28.5,15.1,0.00
2024-08-15,24.0,33.9,14.6,0.00
2024-08-16,25.9,36.1,15.8,0.00
2024-08-17,22.5,30.7,16.5,0.00
2024-08-18,22.4,29.0,18.7,0.00
2024-08-19,21.8,29.0,17.4,0.00
2024-08-20,21.5,29.1,14.5,0.00
2024-08-21,22.3,32.2,15.1,0.00
2024-08-22,19.1,23.4,16.3,0.60
2024-08-23,21.4,30.4,14.2,0.00
2024-08-24,21.7,29.5,17.5,0.00
2024-08-25,20.4,29.2,12.4,0.00
2024-08-26,21.9,31.7,13.5,0.00
2024-08-27,18.9,25.7,13.3,0.00
2024-08-28,19.2,26.9,14.0,0.20
2024-08-29,20.0,25.6,16.7,0.00
2024-08-30,20.4,28.6,15.4,0.00
2024-08-31,19.5,25.6,16.0,0.10
2024-09-01,20.4,25.6,17.7,0.40
2024-09-02,19.0,22.3,16.2,0.20
2024-09-03,18.7,26.2,12.2,0.00
2024-09-04,20.2,28.9,11.5,0.00
2024-09-05,18.3,25.9,10.9,0.00
2024-09-06,16.1,21.5,9.3,0.00
2024-09-07,16.6,21.6,11.5,1.20
2024-09-08,17.5,24.0,11.6,0.00
2024-09-09,17.8,25.3,13.3,0.00
2024-09-10,18.1,24.6,14.5,0.00
2024-09-11,17.8,27.4,11.1,0.00
2024-09-12,19.3,26.0,15.1,0.00
2024-09-13,21.8,30.1,14.1,0.00
2024-09-14,23.0,30.9,16.5,0.00
2024-09-15,23.4,32.8,15.8,0.00
2024-09-16,25.1,33.7,18.3,0.00
2024-09-17,24.6,30.4,19.2,0.00
2024-09-18,22.6,30.5,15.5,0.00
2024-09-19,20.9,28.0,14.4,1.50
2024-09-20,20.1,25.4,15.9,1.50
2024-09-21,18.7,24.2,14.3,0.60
2024-09-22,17.7,22.8,14.9,0.40
2024-09-23,16.6,23.1,12.8,0.00
2024-09-24,16.8,19.3,13.1,10.70
2024-09-25,20.6,23.8,18.8,3.90
2024-09-26,19.6,22.7,14.7,11.50
2024-09-27,15.8,20.1,10.9,0.60
2024-09-28,15.3,23.1,9.1,0.00
2024-09-29,17.5,25.1,10.7,0.00
2024-09-30,18.0,25.7,12.3,0.00
2024-10-01,19.6,23.7,15.6,1.50
2024-10-02,19.7,21.4,18.7,10.60
2024-10-03,19.4,22.8,17.8,1.20
2024-10-04,19.4,22.9,16.8,0.00
2024-10-05,20.6,23.7,18.5,1.20
2024-10-06,20.5,23.0,18.7,40.80
2024-10-07,17.3,21.0,14.8,48.80
2024-10-08,17.7,19.7,15.4,7.60
2024-10-09,18.2,20.1,13.8,15.40
2024-10-10,16.3,20.8,11.8,0.20
2024-10-11,18.7,22.7,15.2,5.30
2024-10-12,19.3,23.0,16.8,3.50
2024-10-13,19.9,24.6,16.2,0.00
2024-10-14,18.9,25.5,13.8,2.10
2024-10-15,18.9,23.2,14.4,25.10
2024-10-16,17.4,19.3,14.1,32.20
2024-10-17,15.3,19.0,12.6,4.70
2024-10-18,16.7,18.8,14.9,5.80
2024-10-19,17.3,20.4,14.5,2.00
2024-10-20,17.0,21.7,14.1,0.00
2024-10-21,16.6,22.1,12.5,0.00
2024-10-22,17.4,23.6,12.5,0.00
2024-10-23,19.1,25.7,14.5,0.00
2024-10-24,18.0,22.7,13.8,1.50
2024-10-25,13.0,15.8,9.9,2.40
2024-10-26,11.9,15.7,8.6,11.00
2024-10-27,12.4,18.0,8.1,0.00
2024-10-28,14.2,19.2,10.4,0.00
2024-10-29,16.8,21.9,11.7,0.30
2024-10-30,15.7,19.5,10.8,0.80
2024-10-31,15.7,19.8,13.0,1.00
2024-11-01,15.6,18.0,13.3,2.60
2024-11-02,15.8,22.4,11.0,0.20
2024-11-03,16.9,22.9,12.4,0.00
2024-11-04,18.1,21.8,16.1,2.90
2024-11-05,18.5,21.2,17.4,4.20
2024-11-06,18.6,24.0,13.6,0.10
2024-11-07,16.9,23.3,12.2,0.00
2024-11-08,16.8,20.5,13.8,0.90
2024-11-09,14.9,18.4,12.5,0.00
2024-11-10,14.7,19.9,10.2,0.20
2024-11-11,16.5,21.0,13.1,0.00
2024-11-12,13.8,19.1,10.2,0.00
2024-11-13,11.3,14.5,8.6,0.60
2024-11-14,12.9,17.6,8.2,2.50
2024-11-15,14.6,18.1,12.2,6.40
2024-11-16,16.1,20.9,13.2,2.80
2024-11-17,16.5,23.0,11.5,0.00
2024-11-18,14.4,19.8,10.7,0.70
2024-11-19,14.1,17.8,11.9,0.50
2024-11-20,14.2,17.3,11.7,0.70
2024-11-21,14.8,17.3,13.2,3.80
2024-11-22,15.2,18.6,13.6,6.00
2024-11-23,17.3,20.9,13.6,0.00
2024-11-24,18.7,21.0,16.7,7.80
2024-11-25,13.7,17.5,10.6,26.50
2024-11-26,12.3,17.0,8.0,0.00
2024-11-27,10.4,18.3,5.5,0.00
2024-11-28,14.0,20.6,6.9,0.00
2024-11-29,17.3,20.0,15.2,0.50
2024-11-30,17.6,21.6,14.9,0.00
2024-12-01,17.2,22.0,14.0,0.20
2024-12-02,13.6,18.4,10.1,0.00
2024-12-03,11.9,14.9,9.0,0.00
2024-12-04,13.0,17.0,10.3,1.30
2024-12-05,12.4,17.4,8.4,0.00
2024-12-06,13.8,17.6,10.4,0.00
2024-12-07,12.6,15.6,9.2,1.50
2024-12-08,9.4,13.4,6.7,0.00
2024-12-09,7.8,12.1,4.9,0.00
2024-12-10,7.2,13.1,3.1,0.00
2024-12-11,7.0,12.7,2.4,0.00
2024-12-12,7.2,13.9,3.2,0.40
2024-12-13,8.0,14.2,3.8,0.20
2024-12-14,9.4,15.5,6.2,0.00
2024-12-15,8.0,14.1,4.0,0.00
2024-12-16,9.3,16.0,4.9,0.00
2024-12-17,13.2,17.8,8.0,0.40
2024-12-18,15.4,17.3,13.8,0.30
2024-12-19,13.5,15.8,8.0,7.50
2024-12-20,7.9,13.6,4.7,0.00
2024-12-21,7.2,14.1,3.2,0.00
2024-12-22,9.4,15.4,4.8,0.00
2024-12-23,10.0,15.2,5.8,0.00
2024-12-24,10.2,16.3,5.8,0.00
2024-12-25,10.5,15.7,8.2,0.00
2024-12-26,10.1,17.3,5.6,0.00
2024-12-27,9.7,16.6,5.3,0.00
2024-12-28,8.7,15.4,4.7,0.00
2024-12-29,7.6,13.4,4.1,0.00
2024-12-30,7.3,13.8,3.1,0.00
2024-12-31,7.3,13.0,4.3,0.00
2025-01-01,6.9,15.3,2.4,0.00
2025-01-02,8.2,15.2,3.4,0.00
2025-01-03,12.0,15.7,8.6,0.00
2025-01-04,13.0,15.8,10.9,0.00
2025-01-05,13.7,15.0,11.5,36.90
2025-01-06,10.4,13.4,7.5,8.80
2025-01-07,11.7,14.7,7.1,0.10
2025-01-08,13.8,16.5,12.7,22.00
2025-01-09,13.9,17.7,12.4,1.00
2025-01-10,14.1,16.4,12.3,3.70
2025-01-11,15.2,16.6,14.3,4.10
2025-01-12,13.0,17.2,10.1,0.00
2025-01-13,10.2,14.3,7.1,0.00
2025-01-14,7.2,14.1,1.7,0.00
2025-01-15,6.5,13.4,2.1,0.00
2025-01-16,6.9,15.1,1.8,0.00
2025-01-17,8.1,14.7,4.1,0.00
2025-01-18,6.9,15.0,1.7,0.00
2025-01-19,8.6,11.9,3.8,2.90
2025-01-20,13.1,15.7,11.5,19.40
2025-01-21,14.2,17.8,12.3,19.10
2025-01-22,13.8,15.3,12.7,22.10
2025-01-23,12.3,17.1,8.9,1.10
2025-01-24,12.1,15.0,9.1,0.00
2025-01-25,12.4,15.6,9.7,13.30
2025-01-26,13.4,16.6,9.8,18.70
2025-01-27,13.0,15.2,10.3,35.40
2025-01-28,10.5,14.2,7.9,18.90
2025-01-29,10.8,14.0,8.3,22.00
2025-01-30,10.0,13.2,7.2,0.30
2025-01-31,9.0,15.2,5.2,0.00
2025-02-01,10.5,15.5,6.2,0.00
2025-02-02,12.0,14.5,9.6,1.60
2025-02-03,8.9,15.6,4.1,0.00
2025-02-04,8.9,16.1,3.6,0.00
2025-02-05,9.5,16.6,5.1,0.00
2025-02-06,9.2,15.6,3.7,0.00
2025-02-07,11.6,15.5,7.9,13.70
2025-02-08,10.7,14.9,6.9,0.00
2025-02-09,13.3,16.8,10.3,3.50
2025-02-10,12.0,17.6,7.7,0.70
2025-02-11,12.2,14.8,10.8,7.10
2025-02-12,11.0,15.7,7.8,0.60
2025-02-13,12.2,16.6,8.2,0.00
2025-02-14,12.2,17.9,7.0,0.00
2025-02-15,13.0,17.6,9.6,0.20
2025-02-16,11.5,14.7,8.0,0.00
2025-02-17,10.4,17.2,5.9,0.00
2025-02-18,12.7,17.3,7.9,0.10
2025-02-19,14.0,18.9,10.7,0.20
2025-02-20,13.7,19.2,9.4,0.00
2025-02-21,13.4,16.0,9.7,10.00
2025-02-22,10.9,15.3,8.1,11.90
2025-02-23,10.3,17.3,5.4,0.00
2025-02-24,12.2,17.6,6.9,0.10
2025-02-25,12.7,16.2,8.4,5.10
2025-02-26,9.6,15.8,3.8,0.00
2025-02-27,11.2,15.6,8.1,5.60
2025-02-28,12.0,16.8,8.7,0.50
2025-03-01,11.6,16.2,8.9,0.00
2025-03-02,9.4,12.7,6.9,0.60
2025-03-03,10.3,15.5,6.8,2.30
2025-03-04,12.0,18.9,7.2,0.60
2025-03-05,13.2,17.1,9.6,14.10
2025-03-06,12.7,16.8,10.0,13.30
2025-03-07,12.3,16.1,9.7,10.10
2025-03-08,10.2,12.4,8.5,17.50
2025-03-09,9.8,13.3,7.7,4.30
2025-03-10,10.5,13.7,8.7,22.70
2025-03-11,12.0,15.6,9.5,9.30
2025-03-12,11.0,14.5,7.6,1.60
2025-03-13,11.7,16.4,8.5,0.70
2025-03-14,9.6,14.8,5.7,2.00
2025-03-15,9.4,14.9,5.1,3.40
2025-03-16,10.9,16.3,5.4,3.20
2025-03-17,12.9,17.1,10.0,4.70
2025-03-18,13.1,16.8,10.1,1.70
2025-03-19,15.4,18.4,12.5,0.30
2025-03-20,13.8,17.1,10.8,22.90
2025-03-21,10.6,14.0,8.2,53.50
2025-03-22,9.7,11.9,8.1,25.00
2025-03-23,9.5,13.3,6.2,4.00
2025-03-24,10.0,15.4,5.1,0.10
2025-03-25,12.5,20.1,7.3,0.00
2025-03-26,11.6,18.4,6.6,0.00
2025-03-27,12.0,18.4,8.1,0.00
2025-03-28,13.1,19.8,9.4,0.00
2025-03-29,13.8,21.4,7.5,0.00
2025-03-30,15.7,22.7,10.3,0.00
2025-03-31,16.0,25.8,7.8,0.00
2025-04-01,15.0,21.0,9.7,0.10
2025-04-02,13.4,18.8,10.9,6.00
2025-04-03,13.0,17.5,10.1,9.50
2025-04-04,13.2,16.7,11.6,23.70
2025-04-05,13.9,18.9,10.1,2.30
2025-04-06,13.2,17.2,9.6,6.90
2025-04-07,14.5,22.7,7.6,0.00
2025-04-08,18.1,26.6,10.9,0.00
2025-04-09,19.2,29.1,10.7,0.00
2025-04-10,20.0,27.9,14.6,0.20
2025-04-11,16.2,21.1,13.2,16.30
2025-04-12,14.9,19.4,10.9,10.50
2025-04-13,14.7,18.1,11.2,0.80
2025-04-14,12.2,15.9,9.8,19.60
2025-04-15,9.7,12.9,7.4,12.80
2025-04-16,10.6,15.1,6.2,9.30
2025-04-17,13.9,18.0,9.4,2.10
2025-04-18,14.0,17.5,11.7,19.70
2025-04-19,10.7,14.2,7.7,16.80
2025-04-20,12.4,15.7,10.3,11.10
2025-04-21,12.8,16.2,9.7,15.20
2025-04-22,12.9,18.4,8.0,0.00
2025-04-23,14.4,22.8,7.4,0.00
2025-04-24,16.9,25.1,10.6,0.00
2025-04-25,14.7,17.8,12.1,0.20
2025-04-26,14.4,20.1,10.0,0.00
2025-04-27,16.8,24.7,9.4,0.00
2025-04-28,19.1,26.9,11.1,0.00
2025-04-29,18.4,24.4,12.3,1.10
2025-04-30,14.8,16.5,10.8,21.90
2025-05-01,15.3,21.6,8.9,1.70
2025-05-02,15.2,20.4,11.4,19.10
2025-05-03,15.1,19.3,13.2,13.20
2025-05-04,14.4,17.8,12.3,14.40
2025-05-05,15.2,19.7,11.7,1.90
2025-05-06,15.5,21.5,11.7,0.10
2025-05-07,15.9,23.3,10.7,0.10
2025-05-08,14.5,18.1,11.8,0.80
2025-05-09,14.5,18.7,10.8,0.30
2025-05-10,13.4,17.5,10.6,9.70
2025-05-11,13.1,17.8,8.9,0.70
2025-05-12,13.7,18.2,9.2,1.70
2025-05-13,14.6,18.7,11.2,1.00
2025-05-14,13.2,18.0,8.5,0.10
2025-05-15,14.4,21.1,9.3,0.00
2025-05-16,17.2,24.8,10.1,0.10
2025-05-17,19.7,27.1,12.4,0.00
2025-05-18,16.4,20.8,13.3,2.20
2025-05-19,15.7,20.6,12.0,3.90
2025-05-20,16.5,22.9,11.4,0.00
2025-05-21,17.0,23.4,11.9,0.00
2025-05-22,17.5,24.2,12.7,0.00
2025-05-23,18.1,25.9,11.0,0.00
2025-05-24,19.1,27.6,11.6,0.00
2025-05-25,17.0,23.8,11.7,0.00
2025-05-26,16.7,23.5,11.3,0.00
2025-05-27,17.7,26.6,10.8,0.00
2025-05-28,20.0,29.6,11.4,0.00
2025-05-29,23.9,34.8,15.6,0.10
2025-05-30,21.6,29.0,15.1,0.00
2025-05-31,21.8,30.7,14.9,0.00
2025-06-01,18.5,24.7,13.0,0.00
2025-06-02,17.5,23.4,12.9,0.00
2025-06-03,16.7,20.1,14.3,0.80
2025-06-04,17.3,23.2,13.5,0.40
2025-06-05,17.7,23.3,11.8,0.10
2025-06-06,19.1,25.0,15.1,0.00
2025-06-07,18.3,23.9,14.6,0.00
2025-06-08,20.0,28.8,11.3,0.00
2025-06-09,24.9,36.7,16.0,0.00
2025-06-10,22.6,32.1,17.9,6.10
2025-06-11,19.4,24.6,15.4,0.40
2025-06-12,19.6,24.1,15.7,1.60
2025-06-13,19.5,24.2,16.1,0.00
2025-06-14,17.7,22.6,13.1,0.00
2025-06-15,19.5,28.2,10.4,0.00
2025-06-16,25.2,34.8,15.9,0.00
2025-06-17,27.1,37.3,20.1,0.00
2025-06-18,24.5,33.6,18.2,0.00
2025-06-19,23.0,32.0,17.2,0.00
2025-06-20,20.9,27.6,15.9,0.00
2025-06-21,20.0,25.8,15.4,0.00
2025-06-22,19.7,25.4,15.4,0.00
2025-06-23,22.9,32.6,16.9,0.00
2025-06-24,21.3,28.2,16.7,0.60
2025-06-25,20.6,24.5,16.9,1.00
2025-06-26,21.0,27.5,16.2,0.00
2025-06-27,22.3,31.0,15.5,0.00
2025-06-28,24.7,34.4,16.8,0.00
2025-06-29,27.4,38.0,18.0,0.20
2025-06-30,27.6,37.2,20.7,0.00
2025-07-01,22.4,29.4,16.8,0.00
2025-07-02,22.7,29.0,17.9,0.00
2025-07-03,25.1,35.9,16.0,0.00
2025-07-04,26.5,35.3,19.0,0.00
2025-07-05,24.4,31.1,17.8,0.00
2025-07-06,21.8,28.4,16.7,0.00
2025-07-07,23.3,30.8,17.4,0.00
2025-07-08,26.9,36.8,18.4,0.00
2025-07-09,22.9,31.3,17.6,0.00
2025-07-10,20.3,26.8,14.6,0.00
2025-07-11,19.9,23.5,16.9,1.90
2025-07-12,19.5,24.0,15.7,0.10
2025-07-13,20.3,27.2,15.0,0.20
2025-07-14,20.2,27.1,14.2,0.00
2025-07-15,22.9,32.9,13.7,0.00
2025-07-16,21.5,30.0,14.6,0.00
2025-07-17,20.0,25.8,16.8,0.00
2025-07-18,20.1,26.6,15.3,0.40
2025-07-19,20.3,24.7,16.2,0.50
2025-07-20,20.2,24.1,16.4,2.50
2025-07-21,18.6,24.7,12.9,0.00
2025-07-22,19.6,27.6,13.0,0.00
2025-07-23,19.4,25.1,14.4,0.10
2025-07-24,21.9,32.0,12.9,0.00
2025-07-25,24.7,33.2,18.9,0.00
2025-07-26,25.3,35.0,17.0,0.00
2025-07-27,22.3,31.4,14.7,0.00
2025-07-28,22.8,31.8,14.4,0.00
2025-07-29,27.5,36.1,20.7,0.00
2025-07-30,28.4,36.7,22.3,0.00
2025-07-31,27.2,36.2,18.5,0.00
2025-08-01,23.3,32.1,15.3,0.00
2025-08-02,22.5,31.8,14.8,0.00
2025-08-03,27.1,37.8,17.2,0.00
2025-08-04,26.8,36.5,19.9,0.00
2025-08-05,26.7,35.6,18.6,0.00
2025-08-06,23.7,31.9,17.4,0.00
2025-08-07,20.8,29.4,15.8,0.00
2025-08-08,21.1,30.6,14.4,0.00
2025-08-09,23.8,33.9,15.8,0.00
2025-08-10,25.8,35.3,17.9,0.00
2025-08-11,26.1,35.6,17.5,0.00
2025-08-12,25.8,34.7,18.7,0.00
2025-08-13,24.3,32.5,17.8,0.00
2025-08-14,24.0,35.2,16.2,0.00
2025-08-15,24.3,34.0,18.6,0.00
2025-08-16,22.2,31.9,15.6,0.00
2025-08-17,20.8,27.6,15.2,0.00
2025-08-18,20.2,26.6,16.1,0.00
2025-08-19,20.4,26.3,16.6,0.00
2025-08-20,20.5,26.7,16.4,0.00
2025-08-21,20.9,28.2,16.1,0.00
2025-08-22,23.1,33.2,14.1,0.00
2025-08-23,21.7,30.4,15.0,0.00
2025-08-24,20.6,27.3,16.6,0.00
2025-08-25,21.0,28.3,17.2,0.00
2025-08-26,20.5,27.5,16.7,0.00
2025-08-27,19.5,24.9,15.0,0.00
2025-08-28,19.3,23.9,15.6,0.50
2025-08-29,20.7,25.9,16.2,0.70
2025-08-30,21.3,25.9,17.9,0.20
2025-08-31,20.1,23.6,16.2,2.00
2025-09-01,18.1,23.4,13.7,0.70
2025-09-02,18.8,24.0,13.5,0.20
2025-09-03,20.0,26.0,16.1,0.20
2025-09-04,18.5,25.8,12.8,0.00
2025-09-05,19.3,27.6,12.7,0.00
2025-09-06,19.8,30.4,11.9,0.00
2025-09-07,19.8,24.6,15.8,15.00
2025-09-08,17.4,22.5,14.3,0.00
2025-09-09,17.4,22.7,12.7,0.90
2025-09-10,19.3,22.2,17.3,2.90
2025-09-11,19.8,24.8,15.3,0.00
2025-09-12,20.5,26.6,16.7,0.00
2025-09-13,18.4,24.7,13.0,0.00
2025-09-14,20.4,26.6,16.8,0.00
2025-09-15,19.3,26.2,15.3,0.00
2025-09-16,19.4,28.8,12.1,0.00
2025-09-17,18.4,28.3,11.0,0.00
2025-09-18,19.9,29.8,12.3,0.10
2025-09-19,23.1,30.9,17.4,0.00
2025-09-20,18.2,23.2,14.2,0.00
2025-09-21,15.6,20.9,11.6,0.00
2025-09-22,14.5,22.2,7.8,0.00
2025-09-23,17.2,25.3,12.0,0.00
2025-09-24,18.7,26.8,12.5,0.00
2025-09-25,19.3,27.5,12.9,0.00
2025-09-26,17.4,25.2,11.5,0.00
2025-09-27,16.5,22.8,9.9,4.80
2025-09-28,19.6,25.5,15.9,17.50
2025-09-29,19.5,27.0,14.2,0.00
2025-09-30,19.5,27.3,14.3,0.00
2025-10-01,19.7,28.1,13.1,0.00
2025-10-02,18.5,26.1,13.8,0.00
2025-10-03,16.5,22.9,12.8,0.00
2025-10-04,18.7,23.6,16.0,0.00
2025-10-05,18.8,26.8,15.1,0.00
2025-10-06,20.6,29.4,14.8,0.00
2025-10-07,18.4,24.6,14.3,0.00
2025-10-08,16.5,21.1,13.4,0.00
2025-10-09,18.6,26.0,13.7,0.00
2025-10-10,20.5,27.2,15.6,0.00
2025-10-11,20.6,27.9,14.8,0.00
2025-10-12,20.1,26.8,14.8,0.00
2025-10-13,19.7,26.8,14.0,0.00
2025-10-14,19.2,27.5,12.5,0.00
2025-10-15,19.8,28.0,13.2,0.00
2025-10-16,19.2,26.9,15.0,0.00
2025-10-17,19.4,27.5,13.1,0.00
2025-10-18,20.1,27.7,13.6,0.00
2025-10-19,19.8,23.4,18.0,3.90
2025-10-20,18.2,20.7,15.6,2.10
2025-10-21,19.0,21.4,18.1,10.80
2025-10-22,19.6,22.2,18.0,5.40
2025-10-23,18.2,20.4,15.8,3.40
2025-10-24,18.8,22.1,16.0,10.20
2025-10-25,16.7,18.1,14.5,22.50
2025-10-26,15.5,20.9,12.0,0.00
2025-10-27,15.2,23.4,9.3,0.00
2025-10-28,16.2,20.7,13.3,18.40
2025-10-29,16.2,19.3,13.9,7.90
2025-10-30,15.6,19.8,11.3,0.30
2025-10-31,17.2,17.9,16.5,29.10
2025-11-01,16.7,19.3,14.5,39.00
2025-11-02,13.4,18.1,10.2,0.00
2025-11-03,13.3,21.0,8.4,0.00
2025-11-04,17.8,21.8,11.4,1.90
2025-11-05,16.1,20.7,11.3,32.80
2025-11-06,13.4,17.7,10.3,1.90
2025-11-07,15.0,17.5,12.4,25.10
2025-11-08,13.0,17.7,9.9,0.00
2025-11-09,12.2,17.6,7.2,0.00
2025-11-10,15.1,18.2,12.5,0.80
2025-11-11,16.6,19.6,14.8,0.00
2025-11-12,15.6,18.4,13.5,16.30
2025-11-13,16.2,17.5,15.0,31.50
2025-11-14,13.2,14.8,11.9,5.40
2025-11-15,13.3,15.9,12.2,26.20
2025-11-16,12.8,17.0,11.5,21.30
2025-11-17,13.0,17.2,10.1,0.90
2025-11-18,12.2,18.3,9.0,0.00
2025-11-19,10.8,14.8,7.8,0.30
2025-11-20,8.3,14.0,3.6,0.00
2025-11-21,7.3,13.8,2.2,0.00
2025-11-22,7.4,13.5,2.1,0.00
2025-11-23,10.7,15.1,6.4,0.60
2025-11-24,13.9,16.0,11.4,11.30
2025-11-25,10.4,14.5,7.4,0.00
2025-11-26,8.9,15.4,4.6,0.00
2025-11-27,9.1,15.5,5.0,0.00
2025-11-28,8.4,14.5,3.6,0.00
2025-11-29,10.9,15.5,6.9,8.10
2025-11-30,9.5,14.5,5.8,0.20
2025-12-01,8.7,14.9,2.7,0.00
2025-12-02,10.2,13.2,7.3,15.10
2025-12-03,8.8,12.8,5.1,0.70
2025-12-04,12.3,15.3,10.3,7.70
2025-12-05,13.9,16.8,11.0,7.20
2025-12-06,15.0,18.2,13.3,3.00
2025-12-07,14.6,17.5,13.1,0.20
2025-12-08,14.9,17.4,12.7,0.10
2025-12-09,13.5,14.8,11.1,35.00
2025-12-10,11.4,15.7,8.2,1.50
2025-12-11,11.2,15.6,7.3,0.10
2025-12-12,11.5,13.1,10.7,35.40
2025-12-13,12.5,17.7,10.2,0.00
2025-12-14,11.0,16.6,7.7,0.00
2025-12-15,10.0,12.7,7.5,10.10
2025-12-16,10.4,13.4,8.2,4.00
2025-12-17,9.3,14.8,4.9,0.00
2025-12-18,12.6,15.2,8.5,4.90
2025-12-19,11.2,13.3,9.8,19.90
2025-12-20,9.2,12.6,5.9,4.80
2025-12-21,6.5,9.2,3.1,15.00
2025-12-22,7.7,11.9,3.4,6.00
2025-12-23,10.1,13.7,6.9,9.30
2025-12-24,7.8,13.5,4.6,0.00
2025-12-25,7.2,11.1,4.8,0.00
2025-12-26,5.3,11.6,0.8,0.00
2025-12-27,6.7,13.5,1.3,0.00
2025-12-28,10.0,15.7,6.8,1.90
2025-12-29,8.9,14.9,4.7,0.00
2025-12-30,8.1,14.2,3.9,0.00
2025-12-31,7.9,13.6,3.8,0.00
2026-01-01,9.4,13.2,5.7,2.20
2026-01-02,13.8,15.7,12.7,7.00
2026-01-03,12.8,14.6,11.8,5.30
2026-01-04,10.7,13.9,7.9,0.00
2026-01-05,6.0,9.1,3.4,0.00
2026-01-06,4.8,9.9,-0.2,0.00
2026-01-07,8.2,12.4,5.0,1.30
2026-01-08,9.1,12.4,4.4,4.10
2026-01-09,11.3,13.9,8.3,3.80
2026-01-10,9.3,13.0,6.7,0.00
2026-01-11,11.8,14.0,8.5,0.10
2026-01-12,13.0,14.5,12.0,0.00
2026-01-13,11.6,13.9,9.5,19.60
2026-01-14,10.6,14.1,8.4,6.10
2026-01-15,9.6,11.5,7.0,11.50
2026-01-16,7.7,10.6,5.3,11.90
2026-01-17,6.2,10.9,3.5,3.70
2026-01-18,5.9,11.8,2.1,0.00
2026-01-19,6.6,11.7,2.3,0.00
2026-01-20,8.2,12.7,4.0,1.50
2026-01-21,11.7,14.3,9.0,23.90
2026-01-22,10.0,13.6,7.3,27.00
2026-01-23,7.6,10.8,3.7,25.70
2026-01-24,6.3,10.5,1.7,23.40
2026-01-25,11.2,14.9,8.0,10.70
2026-01-26,13.3,15.6,8.9,12.70
2026-01-27,10.0,12.9,6.9,50.70
2026-01-28,10.9,13.6,7.2,29.20
2026-01-29,13.8,14.8,10.4,35.50
2026-01-30,11.4,15.2,9.6,10.30
2026-01-31,11.8,14.5,9.6,1.00
2026-02-01,13.6,16.2,11.9,15.90
2026-02-02,10.1,13.5,7.7,42.40
2026-02-03,8.6,12.5,6.5,17.20
2026-02-04,12.1,13.1,10.3,24.20
2026-02-05,12.6,14.7,9.9,49.40
2026-02-06,9.2,12.0,7.0,22.30
2026-02-07,9.3,13.8,7.0,33.90
2026-02-08,9.9,14.0,5.9,8.60
2026-02-09,13.7,15.1,11.9,14.20
2026-02-10,14.9,15.4,14.3,53.20
2026-02-11,14.7,15.3,13.2,39.20
2026-02-12,12.4,15.6,10.2,6.80
2026-02-13,10.8,13.2,8.3,27.30
2026-02-14,10.1,13.2,7.7,0.00
2026-02-15,10.4,14.5,6.4,4.00
2026-02-16,12.8,14.5,11.2,5.80
2026-02-17,13.0,16.0,10.2,1.00
2026-02-18,11.5,14.2,9.7,4.00
2026-02-19,9.7,13.0,6.5,0.20
2026-02-20,8.8,15.7,3.9,0.00
2026-02-21,10.4,19.1,4.5,0.00
2026-02-22,12.3,21.0,5.7,0.00
2026-02-23,13.6,23.6,5.3,0.00
2026-02-24,14.4,21.2,9.4,0.00
2026-02-25,14.0,16.4,11.2,0.80
2026-02-26,13.1,19.6,9.3,0.00
2026-02-27,10.1,13.9,7.3,5.40
2026-02-28,9.3,15.6,3.7,0.00
2026-03-01,10.7,19.6,4.9,0.00
2026-03-02,12.3,17.2,7.7,6.50
2026-03-03,13.9,20.0,9.5,1.70
2026-03-04,13.2,20.4,9.2,0.00
2026-03-05,11.2,14.4,8.0,2.20
2026-03-06,10.2,14.4,7.5,1.70
2026-03-07,10.3,17.1,5.0,0.10
2026-03-08,10.4,16.6,5.8,0.40
2026-03-09,8.9,10.7,5.3,17.80
2026-03-10,8.9,15.5,4.0,0.00
2026-03-11,11.2,19.2,4.6,0.00
2026-03-12,12.7,18.8,9.6,0.00
2026-03-13,11.7,15.7,8.0,1.60
2026-03-14,11.8,13.7,10.1,6.30
2026-03-15,12.2,17.3,7.5,0.10
2026-03-16,14.5,21.8,8.5,0.00
2026-03-17,14.7,23.6,7.1,0.00
2026-03-18,16.1,20.4,13.3,1.90
2026-03-19,16.5,21.6,12.8,6.80
2026-03-20,13.9,17.1,12.1,19.90
2026-03-21,14.4,19.0,11.2,1.80
2026-03-22,14.5,20.2,10.1,0.30
2026-03-23,14.7,22.9,8.6,0.00
2026-03-24,15.3,22.6,9.2,0.00
2026-03-25,14.3,22.1,8.5,0.00
2026-03-26,14.6,19.8,10.1,0.00
2026-03-27,14.6,21.6,9.3,0.00
2026-03-28,14.9,20.3,10.0,0.00
2026-03-29,13.8,19.6,9.2,0.00
2026-03-30,14.7,21.6,8.6,0.00
2026-03-31,18.4,25.9,12.7,0.00
2026-04-01,17.1,24.4,12.4,0.00
2026-04-02,14.9,23.1,7.6,0.00
2026-04-03,16.1,25.8,7.6,0.00
2026-04-04,17.8,27.4,8.8,0.00
2026-04-05,18.3,27.3,9.6,0.00
2026-04-06,17.5,26.4,11.2,5.90
2026-04-07,14.6,17.8,10.9,4.90
2026-04-08,11.8,16.9,6.0,0.10
2026-04-09,15.1,22.7,7.8,0.00
2026-04-10,20.8,29.7,13.6,0.30
2026-04-11,13.3,16.0,10.1,0.00
2026-04-12,10.9,14.8,7.3,0.00
2026-04-13,11.6,15.6,7.4,0.70
2026-04-14,14.9,19.5,11.8,0.80
2026-04-15,14.4,19.9,11.0,0.30
2026-04-16,14.4,22.0,8.6,0.00
2026-04-17,14.3,23.0,7.8,0.00
2026-04-18,17.2,26.5,9.1,0.00
2026-04-19,17.7,26.9,10.1,0.00
2026-04-20,18.5,27.6,10.2,0.00
2026-04-21,20.7,26.8,14.7,4.80
2026-04-22,16.1,23.5,11.0,0.10
2026-04-23,15.2,21.8,9.6,0.00
2026-04-24,15.6,23.3,9.6,0.00
2026-04-25,18.1,25.2,12.6,0.00
2026-04-26,18.4,25.8,12.1,0.60
2026-04-27,19.6,28.4,12.8,0.00
2026-04-28,18.2,24.3,12.8,0.10
2026-04-29,15.3,20.3,12.7,16.70
2026-04-30,14.8,18.7,10.3,0.60
2026-05-01,15.5,22.8,9.6,0.00
2026-05-02,15.1,20.8,11.2,2.80
2026-05-03,14.5,18.8,11.5,2.60
2026-05-04,13.3,17.5,9.1,1.00
2026-05-05,13.2,17.8,9.2,1.40
2026-05-06,13.5,19.9,7.6,0.20
2026-05-07,14.3,19.0,10.1,0.50
2026-05-08,14.9,19.9,11.0,3.70
2026-05-09,14.2,17.8,11.5,11.20
2026-05-10,14.1,19.5,10.8,16.40
2026-05-11,14.9,18.6,12.0,18.30
2026-05-12,14.5,20.1,10.2,4.70
2026-05-13,14.6,19.7,9.6,2.00
2026-05-14,14.2,19.5,9.2,0.20
2026-05-15,14.2,18.1,10.3,0.10
2026-05-16,13.7,19.7,7.9,0.00
2026-05-17,14.2,19.5,10.0,0.00
2026-05-18,14.1,19.5,9.5,0.10
2026-05-19,16.1,20.9,11.4,0.20
2026-05-20,19.4,27.9,11.7,0.00
2026-05-21,22.0,29.6,15.2,0.00
2026-05-22,22.7,31.3,15.7,0.00
2026-05-23,21.9,28.5,17.2,1.40
2026-05-24,20.4,26.5,14.7,0.10
2026-05-25,20.8,30.7,15.0,0.00
2026-05-26,24.1,33.6,13.8,0.00
2026-05-27,25.4,35.7,18.6,0.30
2026-05-28,21.6,28.3,17.0,0.00
2026-05-29,19.7,26.4,14.7,0.00
2026-05-30,19.0,24.5,15.7,0.20
2026-05-31,19.8,27.3,14.8,0.00
2026-06-01,19.2,24.6,15.5,0.10
2026-06-02,18.4,21.6,14.9,0.50
2026-06-03,18.6,25.1,12.9,0.10
2026-06-04,17.7,22.4,13.9,0.40
2026-06-05,16.2,22.3,10.4,0.00
2026-06-06,18.5,25.8,13.8,0.00
2026-06-07,18.6,26.7,12.2,0.00
2026-06-08,18.4,24.4,12.2,0.00
2026-06-09,18.4,24.4,14.6,0.00
2026-06-10,19.6,28.7,10.7,0.00
2026-06-11,24.6,34.6,15.1,0.00
2026-06-12,28.0,36.8,22.3,0.00
2026-06-13,26.2,34.3,17.9,0.20
2026-06-14,23.0,30.3,17.3,1.00
2026-06-15,19.6,24.5,16.9,0.60
2026-06-16,20.3,27.2,15.3,0.00
2026-06-17,21.3,29.6,14.4,0.00
2026-06-18,20.2,27.2,13.6,0.00
2026-06-19,20.4,27.7,15.0,0.00
2026-06-20,22.0,30.4,16.1,0.00
2026-06-21,24.2,33.5,16.2,0.00
2026-06-22,22.8,29.9,16.6,0.00
2026-06-23,26.2,35.5,18.2,0.00
2026-06-24,22.1,30.2,17.1,3.40
2026-06-25,20.1,24.2,17.1,9.60
2026-06-26,21.6,26.1,18.4,1.90
2026-06-27,20.8,26.1,16.6,0.00
2026-06-28,20.2,25.7,15.8,0.20
2026-06-29,21.9,30.2,14.4,0.00
2026-06-30,22.2,30.5,15.9,0.00
2026-07-01,24.8,33.6,15.1,0.00
2026-07-02,29.8,37.8,21.4,0.00
2026-07-03,31.2,40.2,23.3,0.00
2026-07-04,30.4,40.6,22.5,0.00
2026-07-05,29.6,38.8,20.3,0.00
2026-07-06,24.9,32.4,18.6,0.00
2026-07-07,21.7,29.4,16.2,0.00
2026-07-08,21.5,30.3,14.9,0.00
2026-07-09,19.6,26.1,14.7,0.00
2026-07-10,20.0,26.7,15.7,0.10
2026-07-11,20.1,29.1,14.7,0.10
2026-07-12,21.1,27.2,16.4,2.10
2026-07-13,21.0,27.2,15.8,0.00
2026-07-14,21.6,28.1,15.9,0.10
2026-07-15,22.1,30.4,15.1,0.00
2026-07-16,22.2,29.1,17.7,0.50
2026-07-17,21.9,27.6,18.5,2.60
2026-07-18,21.3,26.1,18.1,0.60
2026-07-19,22.4,28.7,18.9,0.40
2026-07-20,22.6,28.0,18.0,0.10
2026-07-21,22.7,29.5,15.9,0.00
2026-07-22,22.6,30.1,16.1,0.00
2026-07-23,23.0,29.1,18.5,0.00
2026-07-24,21.4,25.7,17.3,1.90
2026-07-25,21.1,26.1,17.2,2.60
2026-07-26,22.3,29.9,16.7,0.00
2026-07-27,26.2,37.8,16.6,0.00
2026-07-28,24.6,32.6,17.6,0.00
2026-07-29,22.3,29.9,17.7,0.00
2026-07-30,22.1,28.1,18.2,0.00
2026-07-31,21.8,29.1,15.2,0.00
2026-08-01,22.3,31.3,15.4,0.00
2026-08-02,22.1,28.6,18.3,0.00
2026-08-03,21.5,26.3,17.3,1.20
2026-08-04,22.7,27.7,18.8,0.80
2026-08-05,22.5,28.5,18.0,0.00
2026-08-06,22.4,30.6,15.6,0.00
2026-08-07,23.4,32.6,15.6,0.00
2026-08-08,24.3,31.7,18.0,0.00
2026-08-09,23.6,30.3,19.4,0.20
2026-08-10,22.6,29.3,17.5,0.00
2026-08-11,23.2,30.6,18.8,0.00
2026-08-12,23.8,31.8,18.9,0.00
2026-08-13,22.9,29.5,18.3,0.00
2026-08-14,22.4,27.4,19.8,1.00
2026-08-15,23.6,30.2,18.9,0.00
2026-08-16,27.0,37.1,17.9,0.00
2026-08-17,29.2,39.6,21.2,0.20
2026-08-18,26.9,36.3,20.9,0.10
2026-08-19,23.5,29.5,19.1,0.00
2026-08-20,21.0,25.1,17.6,0.80
2026-08-21,20.0,26.2,16.0,0.00
2026-08-22,20.0,27.7,12.8,0.00
2026-08-23,21.3,28.7,15.6,6.60
2026-08-24,20.5,24.0,18.0,20.00
2026-08-25,20.3,25.4,17.6,1.60
2026-08-26,18.7,22.0,16.4,18.40
2026-08-27,17.2,20.6,14.7,9.70
2026-08-28,18.7,24.0,14.4,0.20
2026-08-29,19.3,25.9,13.6,0.00
2026-08-30,20.9,25.5,16.9,0.30
2026-08-31,18.7,25.1,13.1,0.00
2026-09-01,19.4,26.2,15.4,0.00
2026-09-02,21.7,29.9,15.9,0.00
2026-09-03,25.9,36.6,17.1,0.00
2026-09-04,25.4,29.5,20.4,0.50
2026-09-05,26.6,35.5,19.4,0.60
2026-09-06,23.2,29.3,18.6,0.00
2026-09-07,21.4,29.0,16.1,0.00
2026-09-08,20.8,26.1,16.3,0.00
2026-09-09,20.5,27.3,16.6,0.00
2026-09-10,20.0,28.0,14.2,0.00
2026-09-11,21.4,30.1,13.8,0.00
2026-09-12,25.6,35.5,17.9,0.00
2026-09-13,27.5,36.5,20.3,0.00
2026-09-14,26.2,35.0,19.8,0.00
2026-09-15,20.2,25.3,16.8,0.00
2026-09-16,21.1,27.5,16.8,0.00
2026-09-17,20.8,27.9,16.5,0.00
2026-09-18,20.3,30.4,12.3,0.00
2026-09-19,24.4,34.5,16.9,0.00
2026-09-20,26.7,35.3,18.0,0.00
2026-09-21,26.9,36.3,19.2,0.00
2026-09-22,26.6,37.0,18.8,0.00
2026-09-23,23.6,34.6,14.9,0.00
2026-09-24,22.0,31.8,15.1,0.00
2026-09-25,18.5,26.8,13.6,0.00
2026-09-26,21.1,31.8,12.8,0.00
2026-09-27,21.1,27.6,16.5,0.00
2026-09-28,20.2,26.1,15.3,1.20
