station_id,city,sample_date,vector_risk,bio_score,temp_water,ph,dissolved_oxygen,conductivity,nitrate_no3,ammonium_nh4,total_phosphorus,bod5,turbidity_ntu,wetted_width_m,mean_depth_m,flow_velocity_ms,substratum_gravel_pct,substratum_silt_pct,canopy_cover_pct,imperviousness_500m,tree_cover_500m,consecutive_dry_days,precip_7d_sum,gdd_7d,temp_sd_7d,precip_14d_sum,gdd_14d,temp_sd_14d,precip_21d_sum,gdd_21d,temp_sd_21d,do_sat,oxygen_deficit,oxygen_sat_ratio,vector_stagnation_index,hydraulic_radius_m,stream_power_proxy,substrate_roughness,n_to_p_ratio,ammonium_fraction,organic_stress_index,green_gray_ratio,runoff_flush_index,dry_wet_flush_cycle
COI_00,Coimbra,2024-07-17,1,25.1,21.12,7.29,5.04,584.7,3.24,0.933,0.266,5.63,17.9,6.47,1.0,0.188,32.6,58.8,39.9,54.0,47.2,1,20.0,72.7,1.639,21.1,144.0,1.905,49.2,212.4,1.871,8.819891205193727,3.779891205193727,0.5714291412254644,0.35446029200776435,0.7638724911452185,0.042991027839999994,0.5266457680250785,2.4997977931413398,0.22357480050801565,8.09951207073539,0.8763636363636365,37.5,20.0
COI_01,Coimbra,2024-08-21,1,12.0,22.69,7.13,3.69,850.7,5.148,1.295,0.367,7.25,14.3,3.18,0.8,0.335,9.6,75.5,12.3,79.6,18.2,22,0.0,89.5,1.63,0.2,174.4,1.371,0.2,255.3,1.242,8.549636297228634,4.859636297228635,0.4315922587221901,0.42631281761716544,0.5322175732217574,0.09564263400000003,0.13167701863354037,2.6409764155763185,0.20099020657757913,8.727223133985063,0.23821339950372208,0.0,0.0
COI_02,Coimbra,2024-08-14,0,58.87,23.23,7.04,6.05,335.3,2.193,0.291,0.121,2.78,3.7,1.0,0.1,0.619,59.7,31.8,69.6,18.4,80.0,15,0.2,84.9,1.078,0.2,165.8,0.909,1.0,262.7,1.828,8.459846529006342,2.4098465290063418,0.7151345436116603,0.03168908819133034,0.08333333333333334,0.0237176659,1.6494565217391306,2.897157121561051,0.11714504247010989,6.838548813256989,4.175257731958763,0.051182197496522946,3.0
COI_03,Coimbra,2024-09-11,0,44.07,17.57,6.75,6.06,466.6,3.208,0.595,0.198,4.09,7.4,4.47,0.83,0.545,50.9,33.5,62.3,30.9,62.9,3,1.2,54.6,1.324,2.1,121.8,1.377,2.7,197.5,1.685,9.489453550237018,3.4294535502370183,0.638596954842901,0.09402634293153882,0.6052365415986949,0.6005858866125,1.348051948051948,2.785088551718826,0.15645131603165838,7.554541193210614,2.0031347962382444,0.5748837209302324,3.5999999999999996
COI_04,Coimbra,2024-09-09,0,34.83,17.97,6.92,6.18,580.6,3.541,0.981,0.207,5.52,8.9,5.72,0.98,0.41,39.6,45.2,35.8,47.6,48.0,1,1.4,56.4,1.427,2.1,126.7,1.57,2.7,204.9,1.733,9.409493656023496,3.2294936560234966,0.6567765012938587,0.1548161610513072,0.7298958333333333,0.3863435575999999,0.8087649402390438,2.8394001748916535,0.2169346100263152,8.072751884258782,1.008230452674897,1.3066666666666666,1.4
COI_05,Coimbra,2024-07-15,0,46.35,19.62,7.68,6.33,477.4,2.917,0.557,0.16,4.42,7.8,3.13,0.6,0.518,37.8,47.0,67.1,35.0,75.5,0,2.8,72.5,1.746,2.9,147.6,2.067,32.2,211.9,1.929,9.092177678078926,2.762177678078926,0.6961951915812411,0.13677103945989988,0.43371824480369514,0.261026660496,0.7461538461538461,2.9030780847606983,0.16032929391784925,7.6549682071270615,2.125,1.5857605177993526,0.0
COI_06,Coimbra,2024-09-04,0,28.36,20.52,7.21,5.17,576.4,3.832,0.795,0.264,5.86,7.0,5.08,0.86,0.483,47.4,46.2,41.3,48.1,61.3,12,0.9,67.2,0.681,1.5,142.9,1.216,1.5,232.4,1.819,8.927063449377409,3.7570634493774087,0.5791313253439492,0.1335915592406544,0.6424705882352941,0.49227021088559997,0.9453124999999999,2.6751577674738747,0.1718138791035422,8.125247482995574,1.2688391038696536,0.7425385934819899,10.8
COI_07,Coimbra,2024-07-22,1,42.86,22.47,8.01,5.44,463.6,4.129,0.635,0.203,5.62,8.5,2.63,0.45,0.499,58.3,33.1,62.9,40.6,64.5,6,18.6,73.4,0.975,21.4,145.9,1.361,21.5,221.0,1.75,8.5866640783544,3.146664078354399,0.6335331855353062,0.08668098255905306,0.3352691218130312,0.1470516490665,1.5564304461942255,3.0125377088648344,0.13328855397661682,7.8657375152432545,1.5745192307692306,12.607011686143576,111.60000000000001
COI_08,Coimbra,2024-08-14,0,41.48,23.7,7.3,5.43,532.1,3.47,0.742,0.233,3.92,7.5,2.04,0.37,0.525,28.2,55.2,44.5,46.8,59.3,15,0.2,84.9,1.078,0.2,165.8,0.909,1.0,262.7,1.828,8.382919179977998,2.9529191799779984,0.6477379907431217,0.13984251968503936,0.2715107913669065,0.10922191875000002,0.48504983388704315,2.700831383681467,0.176159160513758,7.6434024055140855,1.2615062761506277,0.14976,3.0
COI_09,Coimbra,2024-08-08,1,36.85,20.68,7.74,4.39,657.5,4.071,0.833,0.281,5.44,11.6,1.58,0.5,0.349,53.3,41.7,48.8,54.4,53.1,9,0.0,81.3,0.701,0.8,174.8,1.994,1.2,269.5,2.419,8.898262837909634,4.508262837909634,0.49334917894079494,0.251229034123771,0.3062015503875969,0.033581753709999995,1.1627408993576016,2.673256149009732,0.16985787402377603,8.182503365357116,0.9765342960288809,0.0,0.0
COI_10,Coimbra,2024-09-05,0,43.97,18.42,7.55,6.42,459.9,3.27,0.787,0.207,5.57,10.6,2.97,0.58,0.314,58.6,26.2,64.1,43.5,64.8,13,0.7,68.2,0.688,1.5,140.8,1.057,1.5,231.2,1.827,9.320990100505488,2.9009901005054886,0.6887606418107513,0.12030908572695316,0.4170944309927361,0.0533302214544,1.9102564102564104,2.7597812207133363,0.19398092233368663,7.848794426767678,1.4786516853932583,0.7355072463768115,9.1
COI_11,Coimbra,2024-09-05,0,37.78,19.55,7.32,5.09,545.6,2.384,0.59,0.261,4.42,12.6,1.02,0.35,0.38,45.2,43.0,61.9,42.4,67.9,13,0.7,68.2,0.688,1.5,140.8,1.057,1.5,231.2,1.827,9.10524727055575,4.015247270555751,0.5590121769940279,0.23026315789473684,0.20755813953488372,0.019589304000000002,0.9625,2.211980502042346,0.19837934164957466,7.788440387384993,1.5875576036866361,0.6183333333333333,9.1
COI_12,Coimbra,2024-08-03,1,51.31,21.26,7.34,5.91,452.3,2.171,0.557,0.195,3.56,7.9,5.08,0.92,0.417,55.7,26.6,39.0,33.5,53.1,4,0.8,92.5,2.653,1.2,187.6,2.792,20.8,256.3,2.911,8.795205406212975,2.8852054062129753,0.6719493783382662,0.09391141504148344,0.6753757225433527,0.3388907418768,1.7943037974683544,2.4098969367398047,0.20417140134159306,7.384727074071617,1.5681159420289856,0.5183752417794971,3.2
COI_13,Coimbra,2024-07-11,0,24.58,21.11,7.14,4.53,620.8,4.17,0.839,0.254,5.67,13.5,4.32,0.79,0.406,38.7,42.4,37.7,53.4,43.6,1,1.4,72.8,2.426,29.2,142.5,2.128,30.7,201.8,2.167,8.821659056242606,4.291659056242605,0.5135030293980205,0.15239863143335514,0.5784406779661017,0.22839623412480006,0.8375527426160339,2.7983000765492108,0.16749515881096402,8.166482142335495,0.8198529411764707,1.4774703557312254,1.4
COI_14,Coimbra,2024-08-30,0,49.09,21.4,7.14,5.64,464.0,2.517,0.55,0.148,3.6,8.2,4.02,0.85,0.595,64.9,23.7,62.0,26.2,72.9,7,0.2,73.5,1.206,0.8,159.0,1.821,1.0,246.1,1.698,8.770638405744002,3.130638405744002,0.6430473398119291,0.0690985799547232,0.5973776223776223,0.7197735378749998,2.29616724738676,2.833547129062037,0.1793224870398748,7.421416877567336,2.7169117647058827,0.07539568345323742,1.4000000000000001
COI_15,Coimbra,2024-08-27,1,32.97,20.96,6.99,4.72,546.9,3.082,0.724,0.187,4.64,10.4,1.74,0.3,0.327,43.0,51.1,69.4,42.7,67.7,4,0.6,78.3,1.09,0.7,167.3,1.587,0.8,253.1,1.393,8.848250657038337,4.128250657038337,0.5334327472934767,0.1815318302387268,0.2230769230769231,0.018252138726000004,0.7843137254901961,2.802175169160502,0.19022096108877853,7.8393743296207345,1.5720823798627002,0.6,2.4
COI_16,Coimbra,2024-08-30,1,19.81,21.72,7.74,3.99,670.7,5.225,1.079,0.279,5.86,13.0,4.35,0.8,0.461,36.6,57.3,40.5,62.8,42.2,7,0.2,73.5,1.206,0.8,159.0,1.821,1.0,246.1,1.698,8.714924493349248,4.724924493349247,0.457830038578195,0.18496176891883714,0.584873949579832,0.34094318988000005,0.6035313001605137,2.929964367233825,0.17115845243571645,8.276725947706263,0.6771159874608151,0.22388591800356508,1.4000000000000001
TOU_00,Toulouse,2024-08-08,1,28.31,22.78,7.12,3.83,551.4,2.628,0.761,0.225,5.12,10.8,5.94,1.1,0.38,54.8,31.6,60.4,43.2,71.6,0,3.0,91.4,1.341,3.0,201.1,2.27,24.7,289.2,2.589,8.534564094847152,4.704564094847152,0.4487581417893626,0.12552361692907701,0.8027027027027027,0.35853364800000004,1.5245901639344261,2.45783733911106,0.2245433891003511,7.9459690869286534,1.6425339366515834,2.7000000000000006,0.0
TOU_01,Toulouse,2024-07-11,0,65.2,22.07,7.53,6.06,285.0,2.137,0.326,0.092,2.73,8.6,5.48,1.08,0.599,65.8,19.0,64.7,18.0,80.0,1,18.3,77.2,2.318,32.8,151.3,2.662,85.9,216.1,2.759,8.654672355751918,2.5946723557519187,0.7001917267035399,0.052872698414334375,0.7746596858638745,1.2719931752016,2.783333333333333,3.1452656679711124,0.13235353822418902,6.658075228663364,4.2631578947368425,4.712446351931331,18.3
TOU_02,Toulouse,2024-07-30,0,49.76,24.35,7.52,5.62,424.5,3.61,0.503,0.149,3.42,8.2,2.61,0.58,0.271,50.8,31.0,61.2,34.4,65.3,8,0.0,99.1,2.468,22.4,186.2,2.774,86.0,271.7,2.683,8.27831190505975,2.65831190505975,0.6788741686754034,0.1801043763961094,0.4015384615384615,0.030128421151800002,1.4388888888888889,3.1874524036188236,0.12229218837373274,7.281241124563427,1.8728813559322033,0.0,0.0
TOU_03,Toulouse,2024-07-18,0,46.65,23.23,7.62,5.01,544.7,3.918,0.69,0.191,4.4,27.4,3.31,0.61,0.352,63.2,19.1,37.2,47.9,43.0,1,58.6,81.2,2.322,76.9,158.4,2.249,91.4,232.5,2.524,8.459846529006342,3.449846529006342,0.5922023245445319,0.07606978232198587,0.4457174392935982,0.08806144737279999,2.663900414937759,3.0210133681267988,0.1497363338469217,7.782256882145831,0.899795501022495,62.10044247787611,58.6
TOU_04,Toulouse,2024-07-12,1,12.0,22.4,7.62,3.87,879.4,5.358,1.329,0.338,8.23,21.5,7.4,1.18,0.244,9.4,72.1,5.4,77.6,8.4,0,33.2,83.0,2.54,46.8,151.4,2.674,54.3,222.7,2.894,8.598501197824001,4.728501197824001,0.45007320504402026,0.36630500301386376,0.894672131147541,0.12684787788799998,0.1348897535667964,2.763272435626676,0.19874085926634866,8.887164031873887,0.11959287531806617,74.89302325581396,0.0
TOU_05,Toulouse,2024-07-31,1,12.0,25.31,7.72,2.88,671.9,4.915,1.044,0.293,5.93,11.2,2.1,0.35,0.388,23.8,66.2,39.4,59.1,47.8,9,0.0,104.8,2.344,21.7,192.2,2.87,80.3,275.1,2.83,8.127347474529765,5.247347474529765,0.354354797004287,0.20345978222690553,0.2625,0.04293213792,0.34831460674157305,2.8198423290396977,0.17519424074105153,8.29038468234139,0.8119800332778702,0.0,0.0
TOU_06,Toulouse,2024-07-31,1,26.51,24.73,7.19,4.3,584.2,3.996,0.832,0.259,5.84,9.7,2.17,0.4,0.368,48.6,38.4,30.3,52.2,47.3,9,0.0,104.8,2.344,21.7,192.2,2.87,80.3,275.1,2.83,8.218069082880643,3.918069082880643,0.523230899320066,0.13762700930057525,0.29225589225589227,0.043257675775999996,1.142857142857143,2.7361849712750157,0.17232451689070233,8.135267250448127,0.9078947368421052,0.0,0.0
TOU_07,Toulouse,2024-09-07,0,36.18,21.91,7.62,5.96,531.6,4.521,0.855,0.27,5.96,25.0,3.85,0.78,0.321,33.0,53.3,35.8,55.7,37.5,0,51.5,71.7,2.938,71.6,159.3,2.755,71.6,234.9,2.314,8.682128600136846,2.7221286001368457,0.6864596953719995,0.25760758434798775,0.5550831792975971,0.099327711483,0.5831903945111493,2.8180317038426232,0.1590372202898012,8.06127738120834,0.6790123456790124,68.13657957244655,0.0
TOU_08,Toulouse,2024-08-13,1,12.0,24.77,7.34,3.47,801.9,5.303,1.23,0.397,8.04,14.8,2.47,0.31,0.22,31.5,62.5,16.7,75.7,16.3,5,1.6,107.3,1.563,3.3,205.2,2.166,3.3,304.3,2.221,8.211765489331258,4.741765489331257,0.42255928382024477,0.24161366753959343,0.24779935275080905,0.0081531736,0.48148148148148145,2.5920683935735815,0.18827203012352484,8.771568087240624,0.2255541069100391,3.785,8.0
TOU_09,Toulouse,2024-08-14,1,18.64,27.03,7.32,3.98,849.8,5.047,1.192,0.325,6.92,17.2,2.65,0.58,0.031,29.3,55.0,33.2,73.2,36.7,6,1.8,107.2,1.572,3.5,202.5,2.049,3.5,307.3,2.106,7.866210945935502,3.886210945935502,0.5059550820396254,1.2502449539486578,0.40341207349081365,4.5788767e-05,0.505,2.74269531662623,0.1910531967751759,8.679586833065818,0.5080862533692723,10.058015267175573,10.8
TOU_10,Toulouse,2024-08-21,0,46.03,18.87,7.45,6.17,513.3,3.35,0.531,0.206,4.73,11.8,4.71,0.94,0.764,54.0,35.2,67.5,37.0,75.5,5,18.1,74.8,1.396,19.9,182.0,2.794,21.6,277.3,2.578,9.233982294535277,3.0639822945352773,0.6681768478120886,0.07802043886496862,0.6718361153262519,1.9743713321856,1.3681592039800994,2.788793898588589,0.13681688181185744,7.795197464323435,2.013157894736842,7.751157407407407,90.5
TOU_11,Toulouse,2024-07-23,0,50.44,21.97,7.61,5.53,444.1,2.741,0.554,0.18,3.59,13.6,4.42,0.95,0.596,63.8,21.5,42.4,34.0,63.0,1,22.4,87.1,2.978,86.0,172.6,2.658,99.4,237.9,2.76,8.671815337664297,3.1418153376642968,0.637690727443086,0.06426351028216164,0.6643987341772152,0.8889649824639999,2.4452830188679244,2.7230693396970564,0.16812843312797793,7.374828995221611,1.8285714285714285,10.942528735632184,22.4
TOU_12,Toulouse,2024-09-12,0,63.93,18.86,7.81,7.19,256.0,2.089,0.314,0.111,2.0,14.2,2.57,0.48,0.568,53.9,27.6,67.2,17.7,80.0,0,17.4,54.6,1.643,66.2,138.5,3.044,86.2,220.9,2.838,9.235899855779056,2.045899855779056,0.7784755426886615,0.0698270136934316,0.3494617563739376,0.22605773291519993,1.684049079754601,2.9348252611799683,0.13066455827888976,6.240275845170769,4.331550802139038,4.610479041916168,0.0
TOU_13,Toulouse,2024-08-15,1,25.69,24.6,7.63,4.16,618.2,4.224,1.02,0.255,6.29,20.0,5.31,0.91,0.341,62.3,19.3,43.8,56.0,36.6,0,16.6,103.3,2.572,19.6,194.7,2.159,19.6,304.4,2.317,8.238604999536,4.078604999535999,0.5049337244426508,0.07731180476381229,0.6777138849929873,0.19160156425410005,2.6049382716049383,2.8072374327317515,0.1945043000705555,8.266030237376816,0.6596491228070176,21.07936507936508,0.0
TOU_14,Toulouse,2024-07-04,1,20.24,23.88,7.23,3.81,774.9,5.323,1.135,0.335,6.13,15.9,3.7,0.6,0.518,38.0,44.4,28.0,69.4,35.6,3,14.5,74.1,3.141,67.6,138.9,2.965,96.0,206.5,2.688,8.353748249350271,4.543748249350271,0.4560772336625012,0.11167002012072434,0.4530612244897959,0.30856186704000005,0.7894736842105263,2.765633829685047,0.17574828509933263,8.46613923680569,0.5198863636363636,16.2831715210356,43.5
TOU_15,Toulouse,2024-08-03,0,36.65,26.05,7.55,4.58,426.9,2.957,0.544,0.149,4.0,8.2,9.12,1.4,0.371,55.1,27.0,52.3,32.6,62.9,0,1.7,111.1,2.161,22.5,193.9,3.025,27.8,280.5,2.934,8.01362429424825,3.4336242942482507,0.5715195372128334,0.09333287243025962,1.0711409395973155,0.651995506848,1.753125,2.9879204838652744,0.15537973779669248,7.4434296007175185,1.9017857142857142,1.1766454352441615,0.0
TOU_16,Toulouse,2024-07-25,1,20.91,22.66,7.39,4.53,754.9,4.95,1.037,0.332,6.43,18.8,1.0,0.27,0.383,47.8,46.8,24.3,71.8,26.9,3,21.7,88.1,2.954,80.3,169.3,2.604,98.6,246.5,2.506,8.554670056815695,4.024670056815695,0.5295291363665457,0.19454965357967668,0.17532467532467533,0.01516910949,0.9420849420849421,2.701979786817912,0.17320572564346678,8.48776582253695,0.3832417582417582,32.25797101449275,65.1
ANT_00,Antwerp,2024-08-17,1,20.83,20.9,7.64,5.09,665.8,5.245,1.107,0.279,6.39,10.3,2.71,0.63,0.56,29.1,62.2,31.5,66.9,35.9,0,7.8,80.0,2.058,17.7,149.7,1.725,39.6,224.6,1.673,8.858926276354,3.7689262763539997,0.5745552435695934,0.20012256779531176,0.43005037783375316,0.2998291968000001,0.4479166666666667,2.93378480393332,0.17427307504604775,8.355958613256655,0.5434462444771723,7.906363636363636,0.0
ANT_01,Antwerp,2024-09-07,0,54.57,18.9,7.3,6.95,291.9,2.426,0.376,0.113,3.29,11.5,5.94,0.9,0.401,44.9,42.9,68.3,17.0,80.0,0,23.9,70.6,1.928,29.7,130.6,1.976,49.6,191.6,1.787,9.228233914794,2.278233914794,0.7531153580017745,0.13293440387820024,0.6906976744186046,0.3447165005460001,0.9582463465553236,3.0665269011349823,0.13418507547910494,6.868339586821684,4.5,8.109780439121757,0.0
ANT_02,Antwerp,2024-08-18,1,35.13,20.78,7.73,5.67,591.9,3.801,0.91,0.269,5.19,15.3,2.34,0.54,0.387,38.2,45.4,56.4,52.7,66.4,0,9.6,81.0,1.933,15.1,150.4,1.707,41.2,226.5,1.604,8.880344890496751,3.210344890496751,0.6384815254095714,0.19753762851709805,0.36947368421052634,0.07323901795080001,0.7777777777777779,2.648273546240331,0.19316083292649275,8.030396870868694,1.2551210428305402,10.388501026694044,0.0
ANT_03,Antwerp,2024-09-13,0,30.98,17.03,7.34,5.42,657.8,4.098,0.9,0.3,5.79,22.3,4.42,0.9,0.371,51.0,38.8,27.6,54.6,36.9,0,49.4,40.2,3.288,61.3,110.2,3.427,67.1,172.3,2.993,9.599380276233502,4.179380276233502,0.5646139003398856,0.1685881466890678,0.6395498392282959,0.20313581815800003,1.1872146118721463,2.6144409615766153,0.18006842600188072,8.245295750274673,0.6816546762589928,57.26624203821657,0.0
ANT_04,Antwerp,2024-08-27,1,31.96,16.54,7.03,5.68,652.6,4.661,0.893,0.297,6.79,18.7,8.7,1.48,0.339,48.2,35.5,40.1,63.3,41.3,2,21.3,57.0,1.715,31.1,128.9,2.046,34.5,206.0,2.134,9.701154284591665,4.021154284591665,0.5854913017816105,0.14680898625237512,1.1042881646655232,0.5016260278440001,1.2148148148148148,2.7532216335632396,0.16078212491672822,8.396640975115865,0.6578538102643857,30.7127562642369,42.6
ANT_05,Antwerp,2024-08-31,0,58.72,16.99,8.06,6.55,238.8,2.263,0.345,0.079,1.91,5.6,9.06,1.54,0.749,51.6,39.1,52.4,18.3,80.0,0,5.8,60.0,1.845,25.7,121.0,1.565,33.5,201.0,2.162,9.607615301110375,3.057615301110375,0.6817437647473805,0.07883023235110834,1.1492915980230642,5.862655453947601,1.1927437641723355,3.3548766378020796,0.13228020397990875,6.124919686825326,4.196891191709844,1.2501766784452295,0.0
ANT_06,Antwerp,2024-09-11,1,26.13,18.68,7.8,4.28,625.9,4.515,0.875,0.327,5.33,24.7,2.07,0.3,0.481,30.9,57.9,39.5,62.0,41.5,0,38.6,55.0,1.508,48.1,128.2,2.096,53.5,184.2,2.01,9.270539207055233,4.990539207055233,0.46167258852472576,0.12728351909252786,0.2325842696629213,0.06910776206099999,0.5071542130365659,2.625171929218639,0.16233465056306934,8.11284156315923,0.6746031746031746,41.191049913941484,0.0
ANT_07,Antwerp,2024-07-30,0,41.87,21.36,7.16,5.48,487.4,3.438,0.565,0.172,3.01,16.0,7.43,1.23,0.493,35.4,45.7,58.2,39.7,67.4,3,17.0,65.0,0.841,31.1,138.2,1.716,70.6,188.9,2.279,8.777645501101055,3.297645501101055,0.6243060930978923,0.13054140859593266,0.9240546006066733,1.0950518495072998,0.7179487179487178,2.995095479948095,0.1411406160225825,7.29170661662333,1.6805896805896805,11.381112984822936,51.0
ANT_08,Antwerp,2024-08-24,1,20.46,19.81,7.14,4.72,807.4,5.733,1.233,0.372,7.51,19.3,5.32,0.87,0.14,43.5,38.2,14.9,75.3,25.6,0,19.9,61.0,1.374,27.7,141.0,2.193,37.6,210.7,1.848,9.056871222067867,4.336871222067868,0.5211455225229633,0.30054259359739555,0.6555807365439094,0.012700329600000004,1.0300925925925926,2.73507524156205,0.17700004306570394,8.710219579834602,0.3486238532110092,62.43624999999999,0.0
ANT_09,Antwerp,2024-08-20,1,36.81,20.04,7.84,4.2,462.6,3.202,0.673,0.242,4.3,12.1,3.79,0.77,0.614,55.2,33.2,40.4,42.7,49.9,2,9.8,71.9,1.867,13.2,149.0,1.845,41.4,223.9,1.727,9.014456962318466,4.814456962318466,0.4659130800943762,0.08974358974358973,0.5475234521575985,0.6755150800551999,1.4712041884816753,2.5825549689828855,0.17367293747258136,7.595980365889286,1.1647597254004576,5.860784313725492,19.6
ANT_10,Antwerp,2024-08-05,1,18.68,19.94,8.29,4.57,747.1,4.482,1.131,0.3,6.42,19.2,5.12,0.97,0.321,38.5,47.1,11.8,65.7,27.1,0,28.2,76.1,1.499,45.4,140.2,1.423,73.2,212.2,1.717,9.032854513215181,4.462854513215181,0.5059252754250125,0.21912020028584858,0.703456090651558,0.1642694459904,0.7581573896353166,2.7040110780712014,0.20149293616718034,8.47582563143554,0.42128935532233885,44.00807600950118,0.0
ANT_11,Antwerp,2024-09-10,1,26.68,18.41,7.04,5.83,850.9,4.399,1.118,0.297,5.83,23.9,1.94,0.46,0.124,41.0,41.0,31.5,66.4,32.2,0,37.1,59.7,0.892,42.4,131.0,1.767,63.7,188.0,1.804,9.322940438650546,3.492940438650546,0.6253324801457,0.44422460900697197,0.31202797202797206,0.0017014712576,0.9130434782608695,2.695368986320508,0.20264269271900093,8.5095131754468,0.49258160237388726,109.97500000000001,0.0
ANT_12,Antwerp,2024-08-22,0,52.02,21.12,6.77,5.85,349.3,2.708,0.407,0.135,3.0,12.6,15.0,1.8,0.512,55.5,34.6,56.5,24.6,75.7,1,23.1,63.0,1.436,27.5,143.1,2.139,50.9,213.6,1.8,8.819891205193727,2.9698912051937274,0.6632659674938426,0.07149580989553439,1.4516129032258063,3.623878656,1.4267676767676767,2.998620477018379,0.1306539115919232,6.955497274967558,2.99609375,9.28529411764706,23.1
ANT_13,Antwerp,2024-08-07,1,21.11,20.3,7.75,4.32,695.3,4.618,0.979,0.286,6.91,20.8,7.38,1.3,0.509,51.5,40.7,33.5,63.2,33.6,2,28.2,73.1,1.159,36.2,142.7,1.462,47.0,217.3,1.603,8.966932470502,4.646932470502,0.48176473255908203,0.12011568882068231,0.9613226452905811,1.265182165026,1.148796498905908,2.7816923801081255,0.174912008004145,8.477521160434385,0.5389408099688473,29.26502463054187,56.4
ANT_14,Antwerp,2024-08-07,0,47.35,21.58,7.4,5.81,282.5,1.796,0.324,0.135,3.22,14.0,2.62,0.51,0.616,56.4,35.4,59.3,25.2,73.0,2,28.2,73.1,1.159,36.2,142.7,1.462,47.0,217.3,1.603,8.739224762662511,2.9292247626625114,0.6648110875593474,0.08688496188496188,0.3670879120879121,0.3123299300352,1.4207920792079207,2.58797396700622,0.15282298004811093,6.8141586302445525,2.8244274809160306,9.925139664804469,56.4
ANT_15,Antwerp,2024-09-13,1,25.7,15.87,6.82,5.51,731.8,5.052,1.089,0.324,7.22,26.6,4.29,0.8,0.364,34.6,49.1,30.6,70.5,37.4,0,49.4,40.2,3.288,61.3,110.2,3.427,67.1,172.3,2.993,9.84353682066068,4.3335368206606795,0.5597524675468658,0.1980777182737789,0.5826825127334465,0.16552036300800002,0.6580406654343808,2.7467670833689453,0.17732979433651952,8.572551452619905,0.5370629370629371,75.05818965517241,0.0
ANT_16,Antwerp,2024-08-20,0,30.11,20.65,7.37,5.99,503.8,3.053,0.822,0.236,5.28,10.5,5.0,0.94,0.543,42.3,45.8,72.2,46.8,77.0,2,9.8,71.9,1.867,13.2,149.0,1.845,41.4,223.9,1.727,8.903650547915252,2.9136505479152515,0.6727502042835775,0.13200061321477843,0.6831395348837208,0.7524841329000002,0.8523622047244095,2.560009091187007,0.2121235581017264,7.8864813217970715,1.6317991631799165,7.132814930015552,19.6
ATH_00,Athens,2024-09-08,1,14.9,26.64,7.09,3.8,715.2,4.506,1.087,0.297,6.78,12.0,2.68,0.59,0.479,29.4,64.7,30.6,63.5,39.2,4,2.1,114.0,1.701,29.1,234.0,1.835,30.6,369.4,2.064,7.924463365561342,4.1244633655613425,0.47952168778334,0.22692037902295772,0.4096373056994818,0.17377742030679996,0.4361549497847919,2.719401531983385,0.19434660563909104,8.486745530256622,0.6232558139534884,2.3031088082901556,8.4
ATH_01,Athens,2024-07-08,1,23.58,30.5,7.89,3.97,684.0,5.12,0.828,0.3,6.0,20.1,5.31,0.89,0.281,44.9,40.3,29.3,60.7,33.1,2,28.0,118.2,1.824,29.1,248.0,1.651,30.1,386.7,1.712,7.36726521325,3.3972652132499994,0.5388629292952746,0.18650519211069566,0.6665585331452749,0.10485846296190002,1.0132450331125828,2.837095863722655,0.13920411559993948,8.31996102188653,0.5526742301458671,44.60892388451443,56.0
ATH_02,Athens,2024-07-18,1,21.03,31.43,7.33,2.89,680.7,5.792,1.052,0.298,5.02,10.6,5.69,1.04,0.206,48.7,44.7,32.0,62.1,33.3,12,0.0,152.6,0.462,27.5,276.9,2.892,29.1,404.1,2.487,7.237929549890781,4.347929549890781,0.3992799393922907,0.29336631663974155,0.7615958815958815,0.05173057036159999,1.0,2.9671076175940394,0.1537090340585322,8.13684421595726,0.5435816164817749,0.0,0.0
ATH_03,Athens,2024-09-11,0,43.6,28.03,6.56,4.02,421.1,2.179,0.521,0.152,2.78,4.8,2.44,0.66,0.512,42.1,48.4,70.1,27.9,80.0,0,7.6,115.4,1.546,35.9,223.5,1.58,37.6,357.8,2.123,7.7191210086457005,3.699121008645701,0.5207779380195889,0.19333284915389642,0.42829787234042555,0.21614422917120002,0.8071161048689139,2.66267961603929,0.19295581645124255,7.066175118678744,2.8027681660899657,3.4647058823529404,0.0
ATH_04,Athens,2024-08-12,1,36.8,30.92,6.75,4.08,485.6,2.63,0.575,0.164,3.58,4.7,3.83,0.7,0.596,70.0,12.9,60.5,33.8,68.0,1,3.3,137.5,0.58,3.8,275.2,0.998,6.9,416.0,1.13,7.308690692495487,3.228690692495487,0.5582318842690704,0.032282513102481786,0.5126195028680688,0.567591121216,3.9664804469273744,2.774815525870933,0.17940157873389284,7.461323100497573,1.9827586206896552,1.6025862068965515,3.3
ATH_05,Athens,2024-08-02,1,45.73,30.26,7.47,4.35,376.4,2.081,0.554,0.211,4.46,3.2,2.08,0.39,0.442,66.9,25.4,53.7,32.8,67.6,7,0.2,133.9,0.812,3.1,283.3,1.464,3.1,437.6,1.52,7.4008726996281755,3.050872699628176,0.5877605791220584,0.07803932690489696,0.28363636363636363,0.07004784034560001,2.233552631578948,2.288703106046151,0.21023870061857236,7.426396679833767,2.029585798816568,0.12103321033210329,1.4000000000000001
ATH_06,Athens,2024-07-06,1,26.17,27.68,7.44,4.15,803.9,5.408,1.095,0.317,6.78,22.3,1.23,0.25,0.298,47.0,44.4,32.1,70.6,43.5,0,28.0,120.0,1.791,29.1,253.8,1.651,30.1,388.0,1.642,7.770248501420033,3.6202485014200327,0.5340815793836772,0.18437313135339847,0.1777456647398844,0.00813755454,0.9716599190283401,2.8367031477124676,0.16838123356553028,8.603635439816244,0.6215083798882682,49.66834170854271,0.0
ATH_07,Athens,2024-08-24,1,19.69,29.95,7.06,3.71,692.2,4.477,0.88,0.263,6.57,10.2,1.49,0.3,0.495,48.2,46.7,36.2,58.2,48.5,2,1.5,136.0,1.374,2.3,278.3,1.199,5.3,418.3,1.1,7.44444197807175,3.73444197807175,0.49835167978473094,0.12917800009220412,0.2138755980861244,0.054215456625000005,0.9516441005802708,2.8345186376084643,0.16426798081051316,8.422608628288446,0.8361486486486486,1.4672268907563029,3.0
ATH_08,Athens,2024-07-23,1,19.19,35.36,7.75,2.09,643.6,4.719,0.788,0.266,5.87,12.3,13.84,1.8,0.106,47.4,34.9,33.7,61.9,44.9,17,0.0,154.2,0.871,0.0,305.6,0.71,28.0,424.5,2.636,6.699487404384257,4.609487404384257,0.31195950942177264,0.28081750885098167,1.428440366972477,0.029670590591999994,1.213032581453634,2.875820408757145,0.14308801365509977,8.237196709009238,0.7297297297297297,0.0,0.0
ATH_09,Athens,2024-08-27,0,48.89,28.56,6.63,5.09,353.1,1.966,0.169,0.176,3.92,8.3,2.62,0.66,0.598,53.5,33.3,57.4,21.7,67.7,5,1.7,134.6,1.19,1.7,277.9,1.236,4.7,414.9,1.044,7.642369586543617,2.552369586543617,0.6660150809055432,0.10870726495726495,0.43888324873096446,0.36978456440639995,1.4229765013054831,2.4132205755582876,0.07915320125521054,7.2335651598920645,3.026431718061674,0.5285100286532952,8.5
ATH_10,Athens,2024-08-25,1,27.8,30.04,7.62,4.08,599.2,3.993,0.761,0.253,5.59,13.2,6.07,1.14,0.311,36.4,48.2,51.9,49.5,65.0,3,1.5,135.4,1.235,1.5,278.6,1.215,5.3,418.9,1.118,7.431773589166465,3.3517735891664646,0.5489867327597535,0.2316750781062245,0.8287185628742515,0.2081491824738,0.7030075187969924,2.7588715978046547,0.16007235859573843,8.116873224339955,1.306930693069307,1.806569343065693,4.5
ATH_11,Athens,2024-08-07,1,37.35,28.56,7.71,3.63,413.6,2.501,0.51,0.144,3.99,7.5,5.81,0.77,0.703,62.8,17.9,60.5,30.9,68.9,0,2.7,136.9,1.339,3.4,274.4,1.088,5.8,429.2,1.561,7.642369586543617,4.012369586543617,0.47497735632359955,0.029008109137670133,0.6086666666666667,1.5542927907198998,2.7860262008733625,2.8545671876609737,0.16937331872073327,7.4092963342260285,2.191222570532916,1.0389788293897884,0.0
ATH_12,Athens,2024-08-10,1,40.72,30.76,6.93,4.16,485.1,2.949,0.532,0.208,3.99,9.5,3.74,0.59,0.27,52.5,34.9,55.8,34.4,60.0,3,3.0,140.0,0.952,3.0,273.9,0.963,6.1,418.9,1.199,7.330970609064575,3.1709706090645753,0.5674478151739974,0.15176149764150942,0.4484959349593496,0.043432507800000006,1.3408521303258145,2.6516386443207836,0.15282525638447617,7.568662802017073,1.7231638418079096,2.789189189189189,9.0
ATH_13,Athens,2024-07-13,0,18.32,28.13,7.09,4.59,619.0,3.963,0.748,0.273,6.49,11.9,5.18,0.94,0.379,33.3,48.3,52.1,58.1,43.8,7,0.0,138.4,2.412,28.0,258.4,2.454,29.1,392.2,2.036,7.704579322820122,3.1145793228201217,0.5957418612355608,0.18632423914114057,0.6896883852691218,0.26507895097879997,0.6435272045028142,2.6752506919774284,0.15877395937254568,8.298616695211098,0.7580372250423011,0.0,0.0
ATH_14,Athens,2024-07-12,1,28.28,30.31,7.86,4.06,547.0,3.351,0.722,0.193,4.46,12.8,1.57,0.41,0.624,54.8,27.3,38.4,44.9,42.1,6,1.5,131.5,2.779,29.1,254.3,2.248,29.1,391.1,1.962,7.393862512808765,3.333862512808765,0.5490966437775077,0.08022620737109189,0.26933054393305433,0.15640019066879998,1.7275541795665634,2.854275070882567,0.17726056320738504,7.8000073843703825,0.9389978213507626,0.9302486187845304,9.0
ATH_15,Athens,2024-07-10,1,32.54,27.54,7.94,3.97,530.6,3.349,0.692,0.243,3.63,20.7,1.45,0.26,0.508,46.1,44.9,52.6,45.6,61.7,4,28.0,120.5,2.305,29.1,249.2,1.776,29.1,387.6,1.746,7.7908035177044646,3.8208035177044644,0.5095686258953612,0.1072879330943847,0.19137055837563452,0.049423385024,0.9438877755511023,2.623317463998515,0.17124050382321643,7.563760145021228,1.3454935622317596,21.0,112.0
ATH_16,Athens,2024-09-12,1,23.74,23.72,6.96,3.68,544.3,3.884,0.916,0.264,5.35,12.0,4.76,0.85,0.634,44.1,43.3,27.5,52.3,37.2,0,7.9,113.0,1.855,35.8,219.6,1.594,36.8,353.8,2.228,8.379670139179646,4.699670139179647,0.43915285728353654,0.10229748960487402,0.6263157894736842,1.0310830607839998,0.9337474120082817,2.6886364228563826,0.19082935772171417,7.97694047340149,0.7166979362101314,5.6290190735694825,0.0
MIL_00,Milan,2024-07-18,1,20.29,23.53,7.22,4.97,761.5,4.668,1.201,0.285,6.61,33.3,3.26,0.62,0.074,31.5,53.4,31.8,66.6,43.0,4,59.1,103.2,1.333,79.8,194.7,1.884,112.0,284.8,1.844,8.410615902554802,3.4406159025548027,0.5909128375731172,0.7101063829787235,0.44915555555555553,0.0008190387487999998,0.5565068493150686,2.7959638682768357,0.20463103371896887,8.524072474793082,0.6508875739644971,226.2103448275862,236.4
MIL_01,Milan,2024-09-04,1,20.6,23.5,7.83,4.12,771.9,3.85,1.133,0.312,6.25,16.7,4.84,0.97,0.308,40.4,40.0,44.5,65.9,49.0,2,16.2,106.0,1.095,33.5,213.0,1.142,63.6,318.0,1.303,8.41551849975,4.29551849975,0.4895659184315914,0.20295859226246524,0.692448377581121,0.1371731922176,0.9199999999999999,2.5127957861031516,0.2273685055487548,8.48164373096028,0.7473841554559043,26.166176470588233,32.4
MIL_02,Milan,2024-08-14,1,35.6,26.0,7.82,4.44,543.5,3.48,0.893,0.215,4.67,17.7,2.28,0.42,0.517,60.8,28.9,30.6,48.0,41.2,6,17.9,121.4,1.829,21.6,241.2,1.308,38.3,360.4,1.161,8.021240176000001,3.5812401760000006,0.553523463982311,0.0770050626165734,0.3069230769230769,0.1323292242888,1.823008849557522,2.784105907653672,0.20420296814616634,7.839582689172086,0.8612244897959185,13.925445705024309,107.39999999999999
MIL_03,Milan,2024-07-07,0,56.27,21.6,7.18,6.78,415.9,2.06,0.428,0.162,3.26,11.7,7.6,1.18,0.679,51.8,31.4,71.6,25.2,80.0,0,18.4,83.2,1.318,77.6,164.0,2.045,98.9,252.7,1.934,8.735746231295998,1.955746231295998,0.7761125620218432,0.06274788734779589,0.9004016064257029,2.8074040521520005,1.4505494505494505,2.5428080544184497,0.17201880953337886,7.212909323685932,3.0916030534351147,5.95224646983312,0.0
MIL_04,Milan,2024-07-05,1,38.93,23.13,6.58,4.2,538.0,3.718,0.909,0.198,4.12,17.7,4.64,0.8,0.405,52.1,40.5,47.3,40.5,61.0,0,33.0,87.3,1.904,94.9,163.0,2.024,98.7,245.6,2.127,8.476358952829122,4.2763589528291215,0.49548992372554335,0.13853850429725917,0.5948717948717948,0.246588624,1.167032967032967,2.932626323426143,0.19645134101272937,7.704162771314868,1.4939759036144578,26.465346534653467,0.0
MIL_05,Milan,2024-09-06,1,31.92,21.51,7.94,5.26,569.2,3.957,0.831,0.267,5.66,28.9,13.26,1.8,0.293,42.5,43.7,52.6,54.3,63.5,0,70.5,99.2,2.172,87.7,204.8,1.755,116.7,309.8,1.667,8.751418269184924,3.4914182691849245,0.6010385670473943,0.16666384161638081,1.4156583629893238,0.6003698720759999,0.893223819301848,2.6959578576668592,0.17355527244627306,8.07796610809804,1.166365280289331,97.40839694656486,0.0
MIL_06,Milan,2024-07-17,1,31.98,26.8,7.25,4.22,407.1,3.034,0.574,0.187,4.43,24.8,1.82,0.42,0.48,47.7,37.2,64.9,39.8,80.0,3,59.0,103.8,1.421,90.7,188.7,2.113,112.6,280.0,1.863,7.900501180031999,3.6805011800319996,0.5341365680710018,0.12706571242680545,0.28736842105263155,0.08453652479999998,1.1540284360189574,2.7864783645213227,0.15908649981984976,7.49801277774752,1.9852941176470589,40.48620689655173,177.0
MIL_07,Milan,2024-07-25,1,40.28,27.22,7.16,4.23,398.9,2.458,0.604,0.131,3.04,6.8,2.42,0.5,0.396,55.5,27.2,58.7,29.4,76.1,3,2.0,112.7,0.796,61.1,215.9,1.268,81.8,307.4,1.902,7.838018886712848,3.6080188867128475,0.5396703036962965,0.10442901898150991,0.3538011695906433,0.07513995456,1.7546583850931676,2.9318337023003758,0.19725025309428165,7.101392570674415,2.536184210526316,1.1854838709677418,6.0
MIL_08,Milan,2024-07-02,1,37.78,24.13,7.71,4.41,546.4,3.744,0.83,0.219,3.64,18.5,4.53,0.69,0.262,59.9,35.1,42.6,46.9,49.6,0,26.9,89.1,1.707,82.2,173.2,2.172,161.3,238.1,2.413,8.313492554267322,3.903492554267322,0.5304565951739325,0.154324055666004,0.5288832487309645,0.05621486430960001,1.5187032418952617,2.838795117659611,0.18145646138038085,7.595837655046336,1.0563674321503131,34.85110497237569,0.0
MIL_09,Milan,2024-08-27,1,14.24,26.82,7.03,3.36,703.1,5.356,1.179,0.257,6.98,16.0,3.73,0.45,0.471,41.9,52.0,43.5,61.6,39.8,0,17.0,107.9,1.107,47.3,216.8,1.602,67.3,336.6,1.798,7.897512202732368,4.537512202732367,0.4254450476610548,0.1061787887450484,0.36252699784017284,0.17538161581349998,0.7526315789473684,3.0368595792302315,0.18041039922878,8.498751789232635,0.6517571884984025,18.339754816112084,0.0
MIL_10,Milan,2024-08-10,0,57.13,27.3,6.57,5.02,258.5,1.738,0.292,0.107,2.31,10.2,4.32,0.7,0.583,60.3,22.5,67.4,18.1,80.0,2,20.2,114.6,1.159,35.4,236.8,1.057,39.8,348.4,1.049,7.826184154242001,2.8061841542420014,0.6414282820639805,0.05162140370887494,0.5286713286713286,0.5992215878879998,2.229090909090909,2.787573771509806,0.14383527905029309,6.39381648098073,4.2408376963350785,5.3531478770131775,40.4
MIL_11,Milan,2024-08-14,1,25.99,28.91,7.33,3.36,483.8,3.738,0.704,0.224,5.47,13.2,6.42,1.07,0.309,47.0,35.3,55.5,45.8,53.8,6,17.9,121.4,1.829,21.6,241.2,1.308,38.3,360.4,1.161,7.592097812639446,4.232097812639447,0.4425595964328395,0.15204002769414077,0.8025,0.20267222905260002,1.1910669975186106,2.814617969523604,0.15848360009905224,7.88132801705839,1.170940170940171,20.044498777506107,107.39999999999999
MIL_12,Milan,2024-09-06,1,42.76,24.55,7.85,4.12,433.9,2.614,0.693,0.192,4.56,29.5,3.92,0.75,0.469,60.4,31.9,58.8,38.9,59.4,0,70.5,99.2,2.172,87.7,204.8,1.755,116.7,309.8,1.667,8.24652363453075,4.126523634530749,0.49959840324814786,0.10429471922161485,0.5424354243542435,0.3032954244599999,1.6639566395663956,2.61109326572673,0.20954915182486164,7.590642000604171,1.5137844611528821,48.19771528998243,0.0
MIL_13,Milan,2024-07-02,0,40.57,24.36,7.47,4.8,578.6,4.141,0.72,0.252,6.89,19.2,4.86,0.89,0.404,50.5,38.6,39.3,54.6,41.6,0,26.9,89.1,1.707,82.2,173.2,2.172,161.3,238.1,2.413,8.276718134307455,3.476718134307455,0.5799330034936946,0.14117463344072587,0.6514156626506024,0.2852136925056001,1.1811926605504586,2.7992262291545105,0.1481146242619983,8.290933289321153,0.7661870503597122,29.141666666666666,0.0
MIL_14,Milan,2024-09-01,1,12.0,25.2,7.07,3.58,810.7,5.475,1.22,0.351,7.08,14.9,9.83,1.64,0.183,30.5,59.1,17.1,78.5,20.0,5,13.5,106.2,1.297,46.2,210.6,1.354,47.9,331.4,1.731,8.144442695808,4.564442695807999,0.43955813527045884,0.4026939328344877,1.2296872616323415,0.09879856462439998,0.4914196567862715,2.747134668078529,0.18222281967409001,8.655346187958038,0.2641509433962264,37.446996466431095,67.5
MIL_15,Milan,2024-07-27,1,20.35,26.49,7.3,3.95,613.4,4.281,0.736,0.241,5.06,10.5,1.72,0.31,0.542,37.1,49.3,38.0,53.5,48.8,1,4.4,111.6,0.718,5.7,218.7,1.152,83.4,317.2,1.581,7.947010429869474,3.9970104298694737,0.4970360025643782,0.11628774044314585,0.22786324786324788,0.08489615092160002,0.701657458563536,2.8771058156392986,0.14669829184190072,8.040705868381616,0.9137614678899082,3.6666666666666674,4.4
MIL_16,Milan,2024-07-04,1,18.92,23.3,7.14,4.05,759.6,4.664,1.115,0.355,6.42,25.0,3.56,0.68,0.372,24.2,66.6,40.8,70.1,36.9,0,32.2,90.1,1.677,94.2,167.6,2.174,110.6,243.1,2.268,8.448318454162,4.398318454161999,0.4793796640133068,0.26432890528330955,0.49203252032520334,0.12461999523840002,0.35195530726256985,2.5754849140176015,0.19293661642816357,8.492415135175662,0.5330520393811533,47.82245762711865,0.0
