station_id,city,sample_date,vector_risk,bio_score,temp_water,ph,dissolved_oxygen,conductivity,nitrate_no3,ammonium_nh4,total_phosphorus,bod5,turbidity_ntu,wetted_width_m,mean_depth_m,flow_velocity_ms,substratum_gravel_pct,substratum_silt_pct,canopy_cover_pct,imperviousness_500m,tree_cover_500m,consecutive_dry_days,precip_7d_sum,gdd_7d,temp_sd_7d,precip_14d_sum,gdd_14d,temp_sd_14d,precip_21d_sum,gdd_21d,temp_sd_21d
COI_00,Coimbra,2024-07-17,1,25.1,21.12,7.29,5.04,584.7,3.24,0.933,0.266,5.63,17.9,6.47,1.0,0.188,32.6,58.8,39.9,54.0,47.2,1,20.0,72.7,1.639,21.1,144.0,1.905,49.2,212.4,1.871
COI_01,Coimbra,2024-08-21,1,12.0,22.69,7.13,3.69,850.7,5.148,1.295,0.367,7.25,14.3,3.18,0.8,0.335,9.6,75.5,12.3,79.6,18.2,22,0.0,89.5,1.63,0.2,174.4,1.371,0.2,255.3,1.242
COI_02,Coimbra,2024-08-14,0,58.87,23.23,7.04,6.05,335.3,2.193,0.291,0.121,2.78,3.7,1.0,0.1,0.619,59.7,31.8,69.6,18.4,80.0,15,0.2,84.9,1.078,0.2,165.8,0.909,1.0,262.7,1.828
COI_03,Coimbra,2024-09-11,0,44.07,17.57,6.75,6.06,466.6,3.208,0.595,0.198,4.09,7.4,4.47,0.83,0.545,50.9,33.5,62.3,30.9,62.9,3,1.2,54.6,1.324,2.1,121.8,1.377,2.7,197.5,1.685
COI_04,Coimbra,2024-09-09,0,34.83,17.97,6.92,6.18,580.6,3.541,0.981,0.207,5.52,8.9,5.72,0.98,0.41,39.6,45.2,35.8,47.6,48.0,1,1.4,56.4,1.427,2.1,126.7,1.57,2.7,204.9,1.733
COI_05,Coimbra,2024-07-15,0,46.35,19.62,7.68,6.33,477.4,2.917,0.557,0.16,4.42,7.8,3.13,0.6,0.518,37.8,47.0,67.1,35.0,75.5,0,2.8,72.5,1.746,2.9,147.6,2.067,32.2,211.9,1.929
COI_06,Coimbra,2024-09-04,0,28.36,20.52,7.21,5.17,576.4,3.832,0.795,0.264,5.86,7.0,5.08,0.86,0.483,47.4,46.2,41.3,48.1,61.3,12,0.9,67.2,0.681,1.5,142.9,1.216,1.5,232.4,1.819
COI_07,Coimbra,2024-07-22,1,42.86,22.47,8.01,5.44,463.6,4.129,0.635,0.203,5.62,8.5,2.63,0.45,0.499,58.3,33.1,62.9,40.6,64.5,6,18.6,73.4,0.975,21.4,145.9,1.361,21.5,221.0,1.75
COI_08,Coimbra,2024-08-14,0,41.48,23.7,7.3,5.43,532.1,3.47,0.742,0.233,3.92,7.5,2.04,0.37,0.525,28.2,55.2,44.5,46.8,59.3,15,0.2,84.9,1.078,0.2,165.8,0.909,1.0,262.7,1.828
COI_09,Coimbra,2024-08-08,1,36.85,20.68,7.74,4.39,657.5,4.071,0.833,0.281,5.44,11.6,1.58,0.5,0.349,53.3,41.7,48.8,54.4,53.1,9,0.0,81.3,0.701,0.8,174.8,1.994,1.2,269.5,2.419
COI_10,Coimbra,2024-09-05,0,43.97,18.42,7.55,6.42,459.9,3.27,0.787,0.207,5.57,10.6,2.97,0.58,0.314,58.6,26.2,64.1,43.5,64.8,13,0.7,68.2,0.688,1.5,140.8,1.057,1.5,231.2,1.827
COI_11,Coimbra,2024-09-05,0,37.78,19.55,7.32,5.09,545.6,2.384,0.59,0.261,4.42,12.6,1.02,0.35,0.38,45.2,43.0,61.9,42.4,67.9,13,0.7,68.2,0.688,1.5,140.8,1.057,1.5,231.2,1.827
COI_12,Coimbra,2024-08-03,1,51.31,21.26,7.34,5.91,452.3,2.171,0.557,0.195,3.56,7.9,5.08,0.92,0.417,55.7,26.6,39.0,33.5,53.1,4,0.8,92.5,2.653,1.2,187.6,2.792,20.8,256.3,2.911
COI_13,Coimbra,2024-07-11,0,24.58,21.11,7.14,4.53,620.8,4.17,0.839,0.254,5.67,13.5,4.32,0.79,0.406,38.7,42.4,37.7,53.4,43.6,1,1.4,72.8,2.426,29.2,142.5,2.128,30.7,201.8,2.167
COI_14,Coimbra,2024-08-30,0,49.09,21.4,7.14,5.64,464.0,2.517,0.55,0.148,3.6,8.2,4.02,0.85,0.595,64.9,23.7,62.0,26.2,72.9,7,0.2,73.5,1.206,0.8,159.0,1.821,1.0,246.1,1.698
COI_15,Coimbra,2024-08-27,1,32.97,20.96,6.99,4.72,546.9,3.082,0.724,0.187,4.64,10.4,1.74,0.3,0.327,43.0,51.1,69.4,42.7,67.7,4,0.6,78.3,1.09,0.7,167.3,1.587,0.8,253.1,1.393
COI_16,Coimbra,2024-08-30,1,19.81,21.72,7.74,3.99,670.7,5.225,1.079,0.279,5.86,13.0,4.35,0.8,0.461,36.6,57.3,40.5,62.8,42.2,7,0.2,73.5,1.206,0.8,159.0,1.821,1.0,246.1,1.698
TOU_00,Toulouse,2024-08-08,1,28.31,22.78,7.12,3.83,551.4,2.628,0.761,0.225,5.12,10.8,5.94,1.1,0.38,54.8,31.6,60.4,43.2,71.6,0,3.0,91.4,1.341,3.0,201.1,2.27,24.7,289.2,2.589
TOU_01,Toulouse,2024-07-11,0,65.2,22.07,7.53,6.06,285.0,2.137,0.326,0.092,2.73,8.6,5.48,1.08,0.599,65.8,19.0,64.7,18.0,80.0,1,18.3,77.2,2.318,32.8,151.3,2.662,85.9,216.1,2.759
TOU_02,Toulouse,2024-07-30,0,49.76,24.35,7.52,5.62,424.5,3.61,0.503,0.149,3.42,8.2,2.61,0.58,0.271,50.8,31.0,61.2,34.4,65.3,8,0.0,99.1,2.468,22.4,186.2,2.774,86.0,271.7,2.683
TOU_03,Toulouse,2024-07-18,0,46.65,23.23,7.62,5.01,544.7,3.918,0.69,0.191,4.4,27.4,3.31,0.61,0.352,63.2,19.1,37.2,47.9,43.0,1,58.6,81.2,2.322,76.9,158.4,2.249,91.4,232.5,2.524
TOU_04,Toulouse,2024-07-12,1,12.0,22.4,7.62,3.87,879.4,5.358,1.329,0.338,8.23,21.5,7.4,1.18,0.244,9.4,72.1,5.4,77.6,8.4,0,33.2,83.0,2.54,46.8,151.4,2.674,54.3,222.7,2.894
TOU_05,Toulouse,2024-07-31,1,12.0,25.31,7.72,2.88,671.9,4.915,1.044,0.293,5.93,11.2,2.1,0.35,0.388,23.8,66.2,39.4,59.1,47.8,9,0.0,104.8,2.344,21.7,192.2,2.87,80.3,275.1,2.83
TOU_06,Toulouse,2024-07-31,1,26.51,24.73,7.19,4.3,584.2,3.996,0.832,0.259,5.84,9.7,2.17,0.4,0.368,48.6,38.4,30.3,52.2,47.3,9,0.0,104.8,2.344,21.7,192.2,2.87,80.3,275.1,2.83
TOU_07,Toulouse,2024-09-07,0,36.18,21.91,7.62,5.96,531.6,4.521,0.855,0.27,5.96,25.0,3.85,0.78,0.321,33.0,53.3,35.8,55.7,37.5,0,51.5,71.7,2.938,71.6,159.3,2.755,71.6,234.9,2.314
TOU_08,Toulouse,2024-08-13,1,12.0,24.77,7.34,3.47,801.9,5.303,1.23,0.397,8.04,14.8,2.47,0.31,0.22,31.5,62.5,16.7,75.7,16.3,5,1.6,107.3,1.563,3.3,205.2,2.166,3.3,304.3,2.221
TOU_09,Toulouse,2024-08-14,1,18.64,27.03,7.32,3.98,849.8,5.047,1.192,0.325,6.92,17.2,2.65,0.58,0.031,29.3,55.0,33.2,73.2,36.7,6,1.8,107.2,1.572,3.5,202.5,2.049,3.5,307.3,2.106
TOU_10,Toulouse,2024-08-21,0,46.03,18.87,7.45,6.17,513.3,3.35,0.531,0.206,4.73,11.8,4.71,0.94,0.764,54.0,35.2,67.5,37.0,75.5,5,18.1,74.8,1.396,19.9,182.0,2.794,21.6,277.3,2.578
TOU_11,Toulouse,2024-07-23,0,50.44,21.97,7.61,5.53,444.1,2.741,0.554,0.18,3.59,13.6,4.42,0.95,0.596,63.8,21.5,42.4,34.0,63.0,1,22.4,87.1,2.978,86.0,172.6,2.658,99.4,237.9,2.76
TOU_12,Toulouse,2024-09-12,0,63.93,18.86,7.81,7.19,256.0,2.089,0.314,0.111,2.0,14.2,2.57,0.48,0.568,53.9,27.6,67.2,17.7,80.0,0,17.4,54.6,1.643,66.2,138.5,3.044,86.2,220.9,2.838
TOU_13,Toulouse,2024-08-15,1,25.69,24.6,7.63,4.16,618.2,4.224,1.02,0.255,6.29,20.0,5.31,0.91,0.341,62.3,19.3,43.8,56.0,36.6,0,16.6,103.3,2.572,19.6,194.7,2.159,19.6,304.4,2.317
TOU_14,Toulouse,2024-07-04,1,20.24,23.88,7.23,3.81,774.9,5.323,1.135,0.335,6.13,15.9,3.7,0.6,0.518,38.0,44.4,28.0,69.4,35.6,3,14.5,74.1,3.141,67.6,138.9,2.965,96.0,206.5,2.688
TOU_15,Toulouse,2024-08-03,0,36.65,26.05,7.55,4.58,426.9,2.957,0.544,0.149,4.0,8.2,9.12,1.4,0.371,55.1,27.0,52.3,32.6,62.9,0,1.7,111.1,2.161,22.5,193.9,3.025,27.8,280.5,2.934
TOU_16,Toulouse,2024-07-25,1,20.91,22.66,7.39,4.53,754.9,4.95,1.037,0.332,6.43,18.8,1.0,0.27,0.383,47.8,46.8,24.3,71.8,26.9,3,21.7,88.1,2.954,80.3,169.3,2.604,98.6,246.5,2.506
ANT_00,Antwerp,2024-08-17,1,20.83,20.9,7.64,5.09,665.8,5.245,1.107,0.279,6.39,10.3,2.71,0.63,0.56,29.1,62.2,31.5,66.9,35.9,0,7.8,80.0,2.058,17.7,149.7,1.725,39.6,224.6,1.673
ANT_01,Antwerp,2024-09-07,0,54.57,18.9,7.3,6.95,291.9,2.426,0.376,0.113,3.29,11.5,5.94,0.9,0.401,44.9,42.9,68.3,17.0,80.0,0,23.9,70.6,1.928,29.7,130.6,1.976,49.6,191.6,1.787
ANT_02,Antwerp,2024-08-18,1,35.13,20.78,7.73,5.67,591.9,3.801,0.91,0.269,5.19,15.3,2.34,0.54,0.387,38.2,45.4,56.4,52.7,66.4,0,9.6,81.0,1.933,15.1,150.4,1.707,41.2,226.5,1.604
ANT_03,Antwerp,2024-09-13,0,30.98,17.03,7.34,5.42,657.8,4.098,0.9,0.3,5.79,22.3,4.42,0.9,0.371,51.0,38.8,27.6,54.6,36.9,0,49.4,40.2,3.288,61.3,110.2,3.427,67.1,172.3,2.993
ANT_04,Antwerp,2024-08-27,1,31.96,16.54,7.03,5.68,652.6,4.661,0.893,0.297,6.79,18.7,8.7,1.48,0.339,48.2,35.5,40.1,63.3,41.3,2,21.3,57.0,1.715,31.1,128.9,2.046,34.5,206.0,2.134
ANT_05,Antwerp,2024-08-31,0,58.72,16.99,8.06,6.55,238.8,2.263,0.345,0.079,1.91,5.6,9.06,1.54,0.749,51.6,39.1,52.4,18.3,80.0,0,5.8,60.0,1.845,25.7,121.0,1.565,33.5,201.0,2.162
ANT_06,Antwerp,2024-09-11,1,26.13,18.68,7.8,4.28,625.9,4.515,0.875,0.327,5.33,24.7,2.07,0.3,0.481,30.9,57.9,39.5,62.0,41.5,0,38.6,55.0,1.508,48.1,128.2,2.096,53.5,184.2,2.01
ANT_07,Antwerp,2024-07-30,0,41.87,21.36,7.16,5.48,487.4,3.438,0.565,0.172,3.01,16.0,7.43,1.23,0.493,35.4,45.7,58.2,39.7,67.4,3,17.0,65.0,0.841,31.1,138.2,1.716,70.6,188.9,2.279
ANT_08,Antwerp,2024-08-24,1,20.46,19.81,7.14,4.72,807.4,5.733,1.233,0.372,7.51,19.3,5.32,0.87,0.14,43.5,38.2,14.9,75.3,25.6,0,19.9,61.0,1.374,27.7,141.0,2.193,37.6,210.7,1.848
ANT_09,Antwerp,2024-08-20,1,36.81,20.04,7.84,4.2,462.6,3.202,0.673,0.242,4.3,12.1,3.79,0.77,0.614,55.2,33.2,40.4,42.7,49.9,2,9.8,71.9,1.867,13.2,149.0,1.845,41.4,223.9,1.727
ANT_10,Antwerp,2024-08-05,1,18.68,19.94,8.29,4.57,747.1,4.482,1.131,0.3,6.42,19.2,5.12,0.97,0.321,38.5,47.1,11.8,65.7,27.1,0,28.2,76.1,1.499,45.4,140.2,1.423,73.2,212.2,1.717
ANT_11,Antwerp,2024-09-10,1,26.68,18.41,7.04,5.83,850.9,4.399,1.118,0.297,5.83,23.9,1.94,0.46,0.124,41.0,41.0,31.5,66.4,32.2,0,37.1,59.7,0.892,42.4,131.0,1.767,63.7,188.0,1.804
ANT_12,Antwerp,2024-08-22,0,52.02,21.12,6.77,5.85,349.3,2.708,0.407,0.135,3.0,12.6,15.0,1.8,0.512,55.5,34.6,56.5,24.6,75.7,1,23.1,63.0,1.436,27.5,143.1,2.139,50.9,213.6,1.8
ANT_13,Antwerp,2024-08-07,1,21.11,20.3,7.75,4.32,695.3,4.618,0.979,0.286,6.91,20.8,7.38,1.3,0.509,51.5,40.7,33.5,63.2,33.6,2,28.2,73.1,1.159,36.2,142.7,1.462,47.0,217.3,1.603
ANT_14,Antwerp,2024-08-07,0,47.35,21.58,7.4,5.81,282.5,1.796,0.324,0.135,3.22,14.0,2.62,0.51,0.616,56.4,35.4,59.3,25.2,73.0,2,28.2,73.1,1.159,36.2,142.7,1.462,47.0,217.3,1.603
ANT_15,Antwerp,2024-09-13,1,25.7,15.87,6.82,5.51,731.8,5.052,1.089,0.324,7.22,26.6,4.29,0.8,0.364,34.6,49.1,30.6,70.5,37.4,0,49.4,40.2,3.288,61.3,110.2,3.427,67.1,172.3,2.993
ANT_16,Antwerp,2024-08-20,0,30.11,20.65,7.37,5.99,503.8,3.053,0.822,0.236,5.28,10.5,5.0,0.94,0.543,42.3,45.8,72.2,46.8,77.0,2,9.8,71.9,1.867,13.2,149.0,1.845,41.4,223.9,1.727
ATH_00,Athens,2024-09-08,1,14.9,26.64,7.09,3.8,715.2,4.506,1.087,0.297,6.78,12.0,2.68,0.59,0.479,29.4,64.7,30.6,63.5,39.2,4,2.1,114.0,1.701,29.1,234.0,1.835,30.6,369.4,2.064
ATH_01,Athens,2024-07-08,1,23.58,30.5,7.89,3.97,684.0,5.12,0.828,0.3,6.0,20.1,5.31,0.89,0.281,44.9,40.3,29.3,60.7,33.1,2,28.0,118.2,1.824,29.1,248.0,1.651,30.1,386.7,1.712
ATH_02,Athens,2024-07-18,1,21.03,31.43,7.33,2.89,680.7,5.792,1.052,0.298,5.02,10.6,5.69,1.04,0.206,48.7,44.7,32.0,62.1,33.3,12,0.0,152.6,0.462,27.5,276.9,2.892,29.1,404.1,2.487
ATH_03,Athens,2024-09-11,0,43.6,28.03,6.56,4.02,421.1,2.179,0.521,0.152,2.78,4.8,2.44,0.66,0.512,42.1,48.4,70.1,27.9,80.0,0,7.6,115.4,1.546,35.9,223.5,1.58,37.6,357.8,2.123
ATH_04,Athens,2024-08-12,1,36.8,30.92,6.75,4.08,485.6,2.63,0.575,0.164,3.58,4.7,3.83,0.7,0.596,70.0,12.9,60.5,33.8,68.0,1,3.3,137.5,0.58,3.8,275.2,0.998,6.9,416.0,1.13
ATH_05,Athens,2024-08-02,1,45.73,30.26,7.47,4.35,376.4,2.081,0.554,0.211,4.46,3.2,2.08,0.39,0.442,66.9,25.4,53.7,32.8,67.6,7,0.2,133.9,0.812,3.1,283.3,1.464,3.1,437.6,1.52
ATH_06,Athens,2024-07-06,1,26.17,27.68,7.44,4.15,803.9,5.408,1.095,0.317,6.78,22.3,1.23,0.25,0.298,47.0,44.4,32.1,70.6,43.5,0,28.0,120.0,1.791,29.1,253.8,1.651,30.1,388.0,1.642
ATH_07,Athens,2024-08-24,1,19.69,29.95,7.06,3.71,692.2,4.477,0.88,0.263,6.57,10.2,1.49,0.3,0.495,48.2,46.7,36.2,58.2,48.5,2,1.5,136.0,1.374,2.3,278.3,1.199,5.3,418.3,1.1
ATH_08,Athens,2024-07-23,1,19.19,35.36,7.75,2.09,643.6,4.719,0.788,0.266,5.87,12.3,13.84,1.8,0.106,47.4,34.9,33.7,61.9,44.9,17,0.0,154.2,0.871,0.0,305.6,0.71,28.0,424.5,2.636
ATH_09,Athens,2024-08-27,0,48.89,28.56,6.63,5.09,353.1,1.966,0.169,0.176,3.92,8.3,2.62,0.66,0.598,53.5,33.3,57.4,21.7,67.7,5,1.7,134.6,1.19,1.7,277.9,1.236,4.7,414.9,1.044
ATH_10,Athens,2024-08-25,1,27.8,30.04,7.62,4.08,599.2,3.993,0.761,0.253,5.59,13.2,6.07,1.14,0.311,36.4,48.2,51.9,49.5,65.0,3,1.5,135.4,1.235,1.5,278.6,1.215,5.3,418.9,1.118
ATH_11,Athens,2024-08-07,1,37.35,28.56,7.71,3.63,413.6,2.501,0.51,0.144,3.99,7.5,5.81,0.77,0.703,62.8,17.9,60.5,30.9,68.9,0,2.7,136.9,1.339,3.4,274.4,1.088,5.8,429.2,1.561
ATH_12,Athens,2024-08-10,1,40.72,30.76,6.93,4.16,485.1,2.949,0.532,0.208,3.99,9.5,3.74,0.59,0.27,52.5,34.9,55.8,34.4,60.0,3,3.0,140.0,0.952,3.0,273.9,0.963,6.1,418.9,1.199
ATH_13,Athens,2024-07-13,0,18.32,28.13,7.09,4.59,619.0,3.963,0.748,0.273,6.49,11.9,5.18,0.94,0.379,33.3,48.3,52.1,58.1,43.8,7,0.0,138.4,2.412,28.0,258.4,2.454,29.1,392.2,2.036
ATH_14,Athens,2024-07-12,1,28.28,30.31,7.86,4.06,547.0,3.351,0.722,0.193,4.46,12.8,1.57,0.41,0.624,54.8,27.3,38.4,44.9,42.1,6,1.5,131.5,2.779,29.1,254.3,2.248,29.1,391.1,1.962
ATH_15,Athens,2024-07-10,1,32.54,27.54,7.94,3.97,530.6,3.349,0.692,0.243,3.63,20.7,1.45,0.26,0.508,46.1,44.9,52.6,45.6,61.7,4,28.0,120.5,2.305,29.1,249.2,1.776,29.1,387.6,1.746
ATH_16,Athens,2024-09-12,1,23.74,23.72,6.96,3.68,544.3,3.884,0.916,0.264,5.35,12.0,4.76,0.85,0.634,44.1,43.3,27.5,52.3,37.2,0,7.9,113.0,1.855,35.8,219.6,1.594,36.8,353.8,2.228
MIL_00,Milan,2024-07-18,1,20.29,23.53,7.22,4.97,761.5,4.668,1.201,0.285,6.61,33.3,3.26,0.62,0.074,31.5,53.4,31.8,66.6,43.0,4,59.1,103.2,1.333,79.8,194.7,1.884,112.0,284.8,1.844
MIL_01,Milan,2024-09-04,1,20.6,23.5,7.83,4.12,771.9,3.85,1.133,0.312,6.25,16.7,4.84,0.97,0.308,40.4,40.0,44.5,65.9,49.0,2,16.2,106.0,1.095,33.5,213.0,1.142,63.6,318.0,1.303
MIL_02,Milan,2024-08-14,1,35.6,26.0,7.82,4.44,543.5,3.48,0.893,0.215,4.67,17.7,2.28,0.42,0.517,60.8,28.9,30.6,48.0,41.2,6,17.9,121.4,1.829,21.6,241.2,1.308,38.3,360.4,1.161
MIL_03,Milan,2024-07-07,0,56.27,21.6,7.18,6.78,415.9,2.06,0.428,0.162,3.26,11.7,7.6,1.18,0.679,51.8,31.4,71.6,25.2,80.0,0,18.4,83.2,1.318,77.6,164.0,2.045,98.9,252.7,1.934
MIL_04,Milan,2024-07-05,1,38.93,23.13,6.58,4.2,538.0,3.718,0.909,0.198,4.12,17.7,4.64,0.8,0.405,52.1,40.5,47.3,40.5,61.0,0,33.0,87.3,1.904,94.9,163.0,2.024,98.7,245.6,2.127
MIL_05,Milan,2024-09-06,1,31.92,21.51,7.94,5.26,569.2,3.957,0.831,0.267,5.66,28.9,13.26,1.8,0.293,42.5,43.7,52.6,54.3,63.5,0,70.5,99.2,2.172,87.7,204.8,1.755,116.7,309.8,1.667
MIL_06,Milan,2024-07-17,1,31.98,26.8,7.25,4.22,407.1,3.034,0.574,0.187,4.43,24.8,1.82,0.42,0.48,47.7,37.2,64.9,39.8,80.0,3,59.0,103.8,1.421,90.7,188.7,2.113,112.6,280.0,1.863
MIL_07,Milan,2024-07-25,1,40.28,27.22,7.16,4.23,398.9,2.458,0.604,0.131,3.04,6.8,2.42,0.5,0.396,55.5,27.2,58.7,29.4,76.1,3,2.0,112.7,0.796,61.1,215.9,1.268,81.8,307.4,1.902
MIL_08,Milan,2024-07-02,1,37.78,24.13,7.71,4.41,546.4,3.744,0.83,0.219,3.64,18.5,4.53,0.69,0.262,59.9,35.1,42.6,46.9,49.6,0,26.9,89.1,1.707,82.2,173.2,2.172,161.3,238.1,2.413
MIL_09,Milan,2024-08-27,1,14.24,26.82,7.03,3.36,703.1,5.356,1.179,0.257,6.98,16.0,3.73,0.45,0.471,41.9,52.0,43.5,61.6,39.8,0,17.0,107.9,1.107,47.3,216.8,1.602,67.3,336.6,1.798
MIL_10,Milan,2024-08-10,0,57.13,27.3,6.57,5.02,258.5,1.738,0.292,0.107,2.31,10.2,4.32,0.7,0.583,60.3,22.5,67.4,18.1,80.0,2,20.2,114.6,1.159,35.4,236.8,1.057,39.8,348.4,1.049
MIL_11,Milan,2024-08-14,1,25.99,28.91,7.33,3.36,483.8,3.738,0.704,0.224,5.47,13.2,6.42,1.07,0.309,47.0,35.3,55.5,45.8,53.8,6,17.9,121.4,1.829,21.6,241.2,1.308,38.3,360.4,1.161
MIL_12,Milan,2024-09-06,1,42.76,24.55,7.85,4.12,433.9,2.614,0.693,0.192,4.56,29.5,3.92,0.75,0.469,60.4,31.9,58.8,38.9,59.4,0,70.5,99.2,2.172,87.7,204.8,1.755,116.7,309.8,1.667
MIL_13,Milan,2024-07-02,0,40.57,24.36,7.47,4.8,578.6,4.141,0.72,0.252,6.89,19.2,4.86,0.89,0.404,50.5,38.6,39.3,54.6,41.6,0,26.9,89.1,1.707,82.2,173.2,2.172,161.3,238.1,2.413
MIL_14,Milan,2024-09-01,1,12.0,25.2,7.07,3.58,810.7,5.475,1.22,0.351,7.08,14.9,9.83,1.64,0.183,30.5,59.1,17.1,78.5,20.0,5,13.5,106.2,1.297,46.2,210.6,1.354,47.9,331.4,1.731
MIL_15,Milan,2024-07-27,1,20.35,26.49,7.3,3.95,613.4,4.281,0.736,0.241,5.06,10.5,1.72,0.31,0.542,37.1,49.3,38.0,53.5,48.8,1,4.4,111.6,0.718,5.7,218.7,1.152,83.4,317.2,1.581
MIL_16,Milan,2024-07-04,1,18.92,23.3,7.14,4.05,759.6,4.664,1.115,0.355,6.42,25.0,3.56,0.68,0.372,24.2,66.6,40.8,70.1,36.9,0,32.2,90.1,1.677,94.2,167.6,2.174,110.6,243.1,2.268
