station_id,city,river_or_channel_id,reach_distance_m,latitude,longitude,buffer_500m_pop_total,buffer_500m_pop_age65,elderly_ratio_pct,dissolved_oxygen,flow_velocity_ms,bod5,p_vector_baseline,p_vector_nbs,delta_p_vector,par_total_baseline,par_total_nbs,delta_par_total,par_age65_baseline,par_age65_nbs,delta_par_age65,sample_date,vector_stagnation_index,dry_to_wet_impulse,consecutive_dry_days,alert_level,operational_status,public_health_sop,water_engineering_sop,rule_scope
COI_00,Coimbra,Mondego_Urban_Reach,0.0,40.198,-8.398,1839,432,23.5,5.04,0.188,5.63,0.8311,0.3827,0.4484,1528.4,703.8,824.6,359.0,165.3,193.7,2024-07-17,0.3544602920077643,10.0,1,Level_3_Orange,Enhanced alert,Increase larval/egg surveillance and notify vulnerable facilities within the mapped buffer.,Inspect inlets and obstructions; assess aeration/flow measures under local permits.,Project operational rule; prediction/model scenario requires human review and local legal authorization.
COI_01,Coimbra,Mondego_Urban_Reach,380.0,40.200408,-8.402284,2359,554,23.5,3.69,0.335,7.25,1.0,0.6893,0.3107,2359.0,1626.1,732.9,554.0,381.9,172.1,2024-08-21,0.4263128176171654,0.0,22,Level_4_Red,Outbreak escalation,Prepare targeted Bti subject to local authorization; verify field evidence before action.,Assess safe hydraulic options; do not impose fixed flow targets without site engineering review.,Project operational rule; prediction/model scenario requires human review and local legal authorization.
COI_02,Coimbra,Mondego_Urban_Reach,790.0,40.202855,-8.406729,1116,262,23.5,6.05,0.619,2.78,0.1421,0.1389,0.0032,158.6,155.0,3.6,37.2,36.4,0.8,2024-08-14,0.0316890881913303,0.0125,15,Level_1_Green,Routine,Maintain routine surveillance and public guidance.,Maintain routine monitoring and preventive maintenance.,Project operational rule; prediction/model scenario requires human review and local legal authorization.
COI_03,Coimbra,Mondego_Urban_Reach,1150.0,40.204763,-8.410353,1370,322,23.5,6.06,0.545,4.09,0.1979,0.1028,0.0951,271.1,140.8,130.3,63.7,33.1,30.6,2024-09-11,0.0940263429315388,0.3,3,Level_2_Yellow,Watch,Increase inspection frequency and community source-reduction messaging.,"Inspect drainage debris, ponding and water-quality sensors.",Project operational rule; prediction/model scenario requires human review and local legal authorization.
COI_04,Coimbra,Mondego_Urban_Reach,1600.0,40.206724,-8.414387,1709,402,23.5,6.18,0.41,5.52,0.5633,0.3992,0.1641,962.7,682.2,280.5,226.4,160.5,65.9,2024-09-09,0.1548161610513072,0.7,1,Level_3_Orange,Enhanced alert,Increase larval/egg surveillance and notify vulnerable facilities within the mapped buffer.,Inspect inlets and obstructions; assess aeration/flow measures under local permits.,Project operational rule; prediction/model scenario requires human review and local legal authorization.
COI_05,Coimbra,Mondego_Urban_Reach,2090.0,40.208262,-8.418083,1453,341,23.5,6.33,0.518,4.42,0.1062,0.0773,0.0289,154.3,112.3,42.0,36.2,26.4,9.8,2024-07-15,0.1367710394598998,2.8,0,Level_1_Green,Routine,Maintain routine surveillance and public guidance.,Maintain routine monitoring and preventive maintenance.,Project operational rule; prediction/model scenario requires human review and local legal authorization.
COI_06,Coimbra,Mondego_Urban_Reach,2430.0,40.208983,-8.420244,1719,404,23.5,5.17,0.483,5.86,0.6479,0.277,0.3709,1113.7,476.2,637.5,261.8,111.9,149.9,2024-09-04,0.1335915592406544,0.0692307692307692,12,Level_3_Orange,Enhanced alert,Increase larval/egg surveillance and notify vulnerable facilities within the mapped buffer.,Inspect inlets and obstructions; assess aeration/flow measures under local permits.,Project operational rule; prediction/model scenario requires human review and local legal authorization.
COI_07,Coimbra,Mondego_Urban_Reach,2850.0,40.209565,-8.422552,1567,368,23.5,5.44,0.499,5.62,0.3158,0.1777,0.1381,494.9,278.5,216.4,116.2,65.4,50.8,2024-07-22,0.086680982559053,2.6571428571428575,6,Level_2_Yellow,Watch,Increase inspection frequency and community source-reduction messaging.,"Inspect drainage debris, ponding and water-quality sensors.",Project operational rule; prediction/model scenario requires human review and local legal authorization.
COI_08,Coimbra,Mondego_Urban_Reach,3240.0,40.209915,-8.424474,1693,398,23.5,5.43,0.525,3.92,0.4438,0.3316,0.1122,751.4,561.4,190.0,176.6,132.0,44.6,2024-08-14,0.1398425196850393,0.0125,15,Level_2_Yellow,Watch,Increase inspection frequency and community source-reduction messaging.,"Inspect drainage debris, ponding and water-quality sensors.",Project operational rule; prediction/model scenario requires human review and local legal authorization.
COI_09,Coimbra,Mondego_Urban_Reach,3710.0,40.210296,-8.426742,1847,434,23.5,4.39,0.349,5.44,0.9912,0.409,0.5822,1830.7,755.4,1075.3,430.2,177.5,252.7,2024-08-08,0.251229034123771,0.0,9,Level_3_Orange,Enhanced alert,Increase larval/egg surveillance and notify vulnerable facilities within the mapped buffer.,Inspect inlets and obstructions; assess aeration/flow measures under local permits.,Project operational rule; prediction/model scenario requires human review and local legal authorization.
COI_10,Coimbra,Mondego_Urban_Reach,4140.0,40.210805,-8.429005,1626,382,23.5,6.42,0.314,5.57,0.3889,0.3291,0.0598,632.4,535.1,97.3,148.6,125.7,22.9,2024-09-05,0.1203090857269531,0.0499999999999999,13,Level_2_Yellow,Watch,Increase inspection frequency and community source-reduction messaging.,"Inspect drainage debris, ponding and water-quality sensors.",Project operational rule; prediction/model scenario requires human review and local legal authorization.
COI_11,Coimbra,Mondego_Urban_Reach,4520.0,40.211521,-8.431315,1603,377,23.5,5.09,0.38,4.42,0.8064,0.397,0.4094,1292.7,636.4,656.3,304.0,149.7,154.3,2024-09-05,0.2302631578947368,0.0499999999999999,13,Level_3_Orange,Enhanced alert,Increase larval/egg surveillance and notify vulnerable facilities within the mapped buffer.,Inspect inlets and obstructions; assess aeration/flow measures under local permits.,Project operational rule; prediction/model scenario requires human review and local legal authorization.
COI_12,Coimbra,Mondego_Urban_Reach,5030.0,40.213018,-8.43504,1423,334,23.5,5.91,0.417,3.56,0.1184,0.1076,0.0108,168.5,153.1,15.4,39.5,35.9,3.6,2024-08-03,0.0939114150414834,0.16,4,Level_2_Yellow,Watch,Increase inspection frequency and community source-reduction messaging.,"Inspect drainage debris, ponding and water-quality sensors.",Project operational rule; prediction/model scenario requires human review and local legal authorization.
COI_13,Coimbra,Mondego_Urban_Reach,5430.0,40.214665,-8.438514,1827,429,23.5,4.53,0.406,5.67,0.8953,0.2289,0.6664,1635.7,418.2,1217.5,384.1,98.2,285.9,2024-07-11,0.1523986314333551,0.7,1,Level_3_Orange,Enhanced alert,Increase larval/egg surveillance and notify vulnerable facilities within the mapped buffer.,Inspect inlets and obstructions; assess aeration/flow measures under local permits.,Project operational rule; prediction/model scenario requires human review and local legal authorization.
COI_14,Coimbra,Mondego_Urban_Reach,5890.0,40.217033,-8.443061,1274,299,23.5,5.64,0.595,3.6,0.146,0.0963,0.0497,186.0,122.7,63.3,43.7,28.8,14.9,2024-08-30,0.0690985799547232,0.025,7,Level_1_Green,Routine,Maintain routine surveillance and public guidance.,Maintain routine monitoring and preventive maintenance.,Project operational rule; prediction/model scenario requires human review and local legal authorization.
COI_15,Coimbra,Mondego_Urban_Reach,6260.0,40.219221,-8.44705,1609,378,23.5,4.72,0.327,4.64,0.8232,0.3541,0.4691,1324.5,569.7,754.8,311.2,133.8,177.4,2024-08-27,0.1815318302387268,0.12,4,Level_3_Orange,Enhanced alert,Increase larval/egg surveillance and notify vulnerable facilities within the mapped buffer.,Inspect inlets and obstructions; assess aeration/flow measures under local permits.,Project operational rule; prediction/model scenario requires human review and local legal authorization.
COI_16,Coimbra,Mondego_Urban_Reach,6700.0,40.222,-8.452,2017,474,23.5,3.99,0.461,5.86,1.0,0.5163,0.4837,2017.0,1041.4,975.6,474.0,244.7,229.3,2024-08-30,0.1849617689188371,0.025,7,Level_3_Orange,Enhanced alert,Increase larval/egg surveillance and notify vulnerable facilities within the mapped buffer.,Inspect inlets and obstructions; assess aeration/flow measures under local permits.,Project operational rule; prediction/model scenario requires human review and local legal authorization.
TOU_00,Toulouse,Garonne_Brienne_Reach,0.0,43.578,1.442,3043,523,17.2,3.83,0.38,5.12,0.8196,0.2163,0.6033,2494.0,658.2,1835.8,428.7,113.1,315.6,2024-08-08,0.125523616929077,3.0,0,Level_4_Red,Outbreak escalation,Prepare targeted Bti subject to local authorization; verify field evidence before action.,Assess safe hydraulic options; do not impose fixed flow targets without site engineering review.,Project operational rule; prediction/model scenario requires human review and local legal authorization.
TOU_01,Toulouse,Garonne_Brienne_Reach,450.0,43.58222,1.441832,2134,367,17.2,6.06,0.599,2.73,0.0949,0.094,0.0009,202.5,200.6,1.9,34.8,34.5,0.3,2024-07-11,0.0528726984143343,9.15,1,Level_3_Orange,Enhanced alert,Increase larval/egg surveillance and notify vulnerable facilities within the mapped buffer.,Inspect inlets and obstructions; assess aeration/flow measures under local permits.,Project operational rule; prediction/model scenario requires human review and local legal authorization.
TOU_02,Toulouse,Garonne_Brienne_Reach,870.0,43.585932,1.441478,2726,469,17.2,5.62,0.271,3.42,0.2926,0.2576,0.035,797.6,702.2,95.4,137.2,120.8,16.4,2024-07-30,0.1801043763961094,0.0,8,Level_2_Yellow,Watch,Increase inspection frequency and community source-reduction messaging.,"Inspect drainage debris, ponding and water-quality sensors.",Project operational rule; prediction/model scenario requires human review and local legal authorization.
TOU_03,Toulouse,Garonne_Brienne_Reach,1260.0,43.589026,1.440839,3213,553,17.2,5.01,0.352,4.4,0.797,0.6188,0.1782,2560.8,1988.2,572.6,440.7,342.2,98.5,2024-07-18,0.0760697823219858,29.3,1,Level_4_Red,Outbreak escalation,Prepare targeted Bti subject to local authorization; verify field evidence before action.,Assess safe hydraulic options; do not impose fixed flow targets without site engineering review.,Project operational rule; prediction/model scenario requires human review and local legal authorization.
TOU_04,Toulouse,Garonne_Brienne_Reach,1730.0,43.592162,1.439551,4284,737,17.2,3.87,0.244,8.23,0.9817,0.7206,0.2611,4205.6,3087.1,1118.5,723.5,531.1,192.4,2024-07-12,0.3663050030138637,33.2,0,Level_4_Red,Outbreak escalation,Prepare targeted Bti subject to local authorization; verify field evidence before action.,Assess safe hydraulic options; do not impose fixed flow targets without site engineering review.,Project operational rule; prediction/model scenario requires human review and local legal authorization.
TOU_05,Toulouse,Garonne_Brienne_Reach,2140.0,43.59432,1.437923,3617,622,17.2,2.88,0.388,5.93,0.949,0.5012,0.4478,3432.5,1812.8,1619.7,590.3,311.7,278.6,2024-07-31,0.2034597822269055,0.0,9,Level_4_Red,Outbreak escalation,Prepare targeted Bti subject to local authorization; verify field evidence before action.,Assess safe hydraulic options; do not impose fixed flow targets without site engineering review.,Project operational rule; prediction/model scenario requires human review and local legal authorization.
TOU_06,Toulouse,Garonne_Brienne_Reach,2630.0,43.596245,1.435404,3368,579,17.2,4.3,0.368,5.84,0.8496,0.3213,0.5283,2861.5,1082.1,1779.4,491.9,186.0,305.9,2024-07-31,0.1376270093005752,0.0,9,Level_4_Red,Outbreak escalation,Prepare targeted Bti subject to local authorization; verify field evidence before action.,Assess safe hydraulic options; do not impose fixed flow targets without site engineering review.,Project operational rule; prediction/model scenario requires human review and local legal authorization.
TOU_07,Toulouse,Garonne_Brienne_Reach,3010.0,43.597356,1.433116,3494,601,17.2,5.96,0.321,5.96,0.5812,0.5116,0.0696,2030.7,1787.5,243.2,349.3,307.5,41.8,2024-09-07,0.2576075843479877,51.5,0,Level_3_Orange,Enhanced alert,Increase larval/egg surveillance and notify vulnerable facilities within the mapped buffer.,Inspect inlets and obstructions; assess aeration/flow measures under local permits.,Project operational rule; prediction/model scenario requires human review and local legal authorization.
TOU_08,Toulouse,Garonne_Brienne_Reach,3440.0,43.598386,1.430329,4215,725,17.2,3.47,0.22,8.04,1.0,0.6787,0.3213,4215.0,2860.7,1354.3,725.0,492.1,232.9,2024-08-13,0.2416136675395934,0.2666666666666666,5,Level_4_Red,Outbreak escalation,Prepare targeted Bti subject to local authorization; verify field evidence before action.,Assess safe hydraulic options; do not impose fixed flow targets without site engineering review.,Project operational rule; prediction/model scenario requires human review and local legal authorization.
TOU_09,Toulouse,Garonne_Brienne_Reach,3950.0,43.599593,1.42701,4125,710,17.2,3.98,0.031,6.92,1.0,0.6875,0.3125,4125.0,2835.9,1289.1,710.0,488.1,221.9,2024-08-14,1.2502449539486578,0.2571428571428572,6,Level_4_Red,Outbreak escalation,Prepare targeted Bti subject to local authorization; verify field evidence before action.,Assess safe hydraulic options; do not impose fixed flow targets without site engineering review.,Project operational rule; prediction/model scenario requires human review and local legal authorization.
TOU_10,Toulouse,Garonne_Brienne_Reach,4350.0,43.600755,1.424596,2819,485,17.2,6.17,0.764,4.73,0.218,0.1871,0.0309,614.5,527.4,87.1,105.7,90.7,15.0,2024-08-21,0.0780204388649686,3.016666666666667,5,Level_2_Yellow,Watch,Increase inspection frequency and community source-reduction messaging.,"Inspect drainage debris, ponding and water-quality sensors.",Project operational rule; prediction/model scenario requires human review and local legal authorization.
TOU_11,Toulouse,Garonne_Brienne_Reach,4810.0,43.602543,1.422214,2711,466,17.2,5.53,0.596,3.59,0.3545,0.2813,0.0732,961.0,762.6,198.4,165.2,131.1,34.1,2024-07-23,0.0642635102821616,11.2,1,Level_3_Orange,Enhanced alert,Increase larval/egg surveillance and notify vulnerable facilities within the mapped buffer.,Inspect inlets and obstructions; assess aeration/flow measures under local permits.,Project operational rule; prediction/model scenario requires human review and local legal authorization.
TOU_12,Toulouse,Garonne_Brienne_Reach,5180.0,43.604432,1.420693,2123,365,17.2,7.19,0.568,2.0,0.0908,0.0908,0.0,192.8,192.8,0.0,33.1,33.1,0.0,2024-09-12,0.0698270136934316,17.4,0,Level_3_Orange,Enhanced alert,Increase larval/egg surveillance and notify vulnerable facilities within the mapped buffer.,Inspect inlets and obstructions; assess aeration/flow measures under local permits.,Project operational rule; prediction/model scenario requires human review and local legal authorization.
TOU_13,Toulouse,Garonne_Brienne_Reach,5620.0,43.607249,1.419384,3505,603,17.2,4.16,0.341,6.29,0.9588,0.6595,0.2993,3360.6,2311.5,1049.1,578.2,397.7,180.5,2024-08-15,0.0773118047638122,16.6,0,Level_4_Red,Outbreak escalation,Prepare targeted Bti subject to local authorization; verify field evidence before action.,Assess safe hydraulic options; do not impose fixed flow targets without site engineering review.,Project operational rule; prediction/model scenario requires human review and local legal authorization.
TOU_14,Toulouse,Garonne_Brienne_Reach,6100.0,43.610983,1.418534,3988,686,17.2,3.81,0.518,6.13,0.8847,0.3876,0.4971,3528.2,1545.7,1982.5,606.9,265.9,341.0,2024-07-04,0.1116700201207243,3.625,3,Level_4_Red,Outbreak escalation,Prepare targeted Bti subject to local authorization; verify field evidence before action.,Assess safe hydraulic options; do not impose fixed flow targets without site engineering review.,Project operational rule; prediction/model scenario requires human review and local legal authorization.
TOU_15,Toulouse,Garonne_Brienne_Reach,6520.0,43.614689,1.418173,2661,458,17.2,4.58,0.371,4.0,0.5211,0.2859,0.2352,1386.6,760.8,625.8,238.7,130.9,107.8,2024-08-03,0.0933328724302596,1.7,0,Level_3_Orange,Enhanced alert,Increase larval/egg surveillance and notify vulnerable facilities within the mapped buffer.,Inspect inlets and obstructions; assess aeration/flow measures under local permits.,Project operational rule; prediction/model scenario requires human review and local legal authorization.
TOU_16,Toulouse,Garonne_Brienne_Reach,6980.0,43.619,1.418,4075,701,17.2,4.53,0.383,6.43,0.9025,0.5969,0.3056,3677.7,2432.4,1245.3,632.7,418.4,214.3,2024-07-25,0.1945496535796766,5.425,3,Level_4_Red,Outbreak escalation,Prepare targeted Bti subject to local authorization; verify field evidence before action.,Assess safe hydraulic options; do not impose fixed flow targets without site engineering review.,Project operational rule; prediction/model scenario requires human review and local legal authorization.
ANT_00,Antwerp,Scheldt_Tributary_North,0.0,51.2185,4.472,2836,550,19.4,5.09,0.56,6.39,0.4775,0.2629,0.2146,1354.2,745.6,608.6,262.6,144.6,118.0,2024-08-17,0.2001225677953117,7.8,0,Level_3_Orange,Enhanced alert,Increase larval/egg surveillance and notify vulnerable facilities within the mapped buffer.,Inspect inlets and obstructions; assess aeration/flow measures under local permits.,Project operational rule; prediction/model scenario requires human review and local legal authorization.
ANT_01,Antwerp,Scheldt_Tributary_North,320.0,51.220731,4.468246,1526,296,19.4,6.95,0.401,3.29,0.044,0.044,0.0,67.1,67.1,0.0,13.0,13.0,0.0,2024-09-07,0.1329344038782002,23.9,0,Level_3_Orange,Enhanced alert,Increase larval/egg surveillance and notify vulnerable facilities within the mapped buffer.,Inspect inlets and obstructions; assess aeration/flow measures under local permits.,Project operational rule; prediction/model scenario requires human review and local legal authorization.
ANT_02,Antwerp,Scheldt_Tributary_North,600.0,51.222587,4.46507,2463,478,19.4,5.67,0.387,5.19,0.3639,0.276,0.0879,896.3,679.8,216.5,173.9,131.9,42.0,2024-08-18,0.197537628517098,9.6,0,Level_3_Orange,Enhanced alert,Increase larval/egg surveillance and notify vulnerable facilities within the mapped buffer.,Inspect inlets and obstructions; assess aeration/flow measures under local permits.,Project operational rule; prediction/model scenario requires human review and local legal authorization.
ANT_03,Antwerp,Scheldt_Tributary_North,910.0,51.224445,4.46178,2513,488,19.4,5.42,0.371,5.79,0.5167,0.2646,0.2521,1298.5,664.9,633.6,252.1,129.1,123.0,2024-09-13,0.1685881466890678,49.4,0,Level_3_Orange,Enhanced alert,Increase larval/egg surveillance and notify vulnerable facilities within the mapped buffer.,Inspect inlets and obstructions; assess aeration/flow measures under local permits.,Project operational rule; prediction/model scenario requires human review and local legal authorization.
ANT_04,Antwerp,Scheldt_Tributary_North,1360.0,51.226623,4.457598,2742,532,19.4,5.68,0.339,6.79,0.3412,0.2144,0.1268,935.6,587.9,347.7,181.5,114.1,67.4,2024-08-27,0.1468089862523751,7.1000000000000005,2,Level_3_Orange,Enhanced alert,Increase larval/egg surveillance and notify vulnerable facilities within the mapped buffer.,Inspect inlets and obstructions; assess aeration/flow measures under local permits.,Project operational rule; prediction/model scenario requires human review and local legal authorization.
ANT_05,Antwerp,Scheldt_Tributary_North,1750.0,51.227924,4.454643,1560,303,19.4,6.55,0.749,1.91,0.0608,0.0608,0.0,94.8,94.8,0.0,18.4,18.4,0.0,2024-08-31,0.0788302323511083,5.8,0,Level_3_Orange,Enhanced alert,Increase larval/egg surveillance and notify vulnerable facilities within the mapped buffer.,Inspect inlets and obstructions; assess aeration/flow measures under local permits.,Project operational rule; prediction/model scenario requires human review and local legal authorization.
ANT_06,Antwerp,Scheldt_Tributary_North,2260.0,51.228821,4.451698,2707,525,19.4,4.28,0.481,5.33,0.8415,0.2482,0.5933,2277.9,671.9,1606.0,441.8,130.3,311.5,2024-09-11,0.1272835190925278,38.6,0,Level_4_Red,Outbreak escalation,Prepare targeted Bti subject to local authorization; verify field evidence before action.,Assess safe hydraulic options; do not impose fixed flow targets without site engineering review.,Project operational rule; prediction/model scenario requires human review and local legal authorization.
ANT_07,Antwerp,Scheldt_Tributary_North,2680.0,51.229028,4.44988,2122,412,19.4,5.48,0.493,3.01,0.1051,0.0739,0.0312,223.0,156.8,66.2,43.3,30.4,12.9,2024-07-30,0.1305414085959326,4.25,3,Level_3_Orange,Enhanced alert,Increase larval/egg surveillance and notify vulnerable facilities within the mapped buffer.,Inspect inlets and obstructions; assess aeration/flow measures under local permits.,Project operational rule; prediction/model scenario requires human review and local legal authorization.
ANT_08,Antwerp,Scheldt_Tributary_North,3040.0,51.229002,4.448554,3057,593,19.4,4.72,0.14,7.51,0.7825,0.2979,0.4846,2392.1,910.7,1481.4,464.0,176.7,287.3,2024-08-24,0.3005425935973955,19.9,0,Level_4_Red,Outbreak escalation,Prepare targeted Bti subject to local authorization; verify field evidence before action.,Assess safe hydraulic options; do not impose fixed flow targets without site engineering review.,Project operational rule; prediction/model scenario requires human review and local legal authorization.
ANT_09,Antwerp,Scheldt_Tributary_North,3520.0,51.228988,4.446764,2201,427,19.4,4.2,0.614,4.3,0.7876,0.1615,0.6261,1733.5,355.5,1378.0,336.3,69.0,267.3,2024-08-20,0.0897435897435897,3.266666666666667,2,Level_3_Orange,Enhanced alert,Increase larval/egg surveillance and notify vulnerable facilities within the mapped buffer.,Inspect inlets and obstructions; assess aeration/flow measures under local permits.,Project operational rule; prediction/model scenario requires human review and local legal authorization.
ANT_10,Antwerp,Scheldt_Tributary_North,3860.0,51.229189,4.445254,2805,544,19.4,4.57,0.321,6.42,0.8486,0.4628,0.3858,2380.3,1298.2,1082.1,461.6,251.8,209.8,2024-08-05,0.2191202002858485,28.2,0,Level_4_Red,Outbreak escalation,Prepare targeted Bti subject to local authorization; verify field evidence before action.,Assess safe hydraulic options; do not impose fixed flow targets without site engineering review.,Project operational rule; prediction/model scenario requires human review and local legal authorization.
ANT_11,Antwerp,Scheldt_Tributary_North,4270.0,51.229855,4.442949,2823,548,19.4,5.83,0.124,5.83,0.6394,0.3879,0.2515,1805.0,1095.0,710.0,350.4,212.6,137.8,2024-09-10,0.4442246090069719,37.1,0,Level_3_Orange,Enhanced alert,Increase larval/egg surveillance and notify vulnerable facilities within the mapped buffer.,Inspect inlets and obstructions; assess aeration/flow measures under local permits.,Project operational rule; prediction/model scenario requires human review and local legal authorization.
ANT_12,Antwerp,Scheldt_Tributary_North,4560.0,51.230674,4.440922,1726,335,19.4,5.85,0.512,3.0,0.061,0.06,0.001,105.3,103.6,1.7,20.4,20.1,0.3,2024-08-22,0.0714958098955343,11.55,1,Level_3_Orange,Enhanced alert,Increase larval/egg surveillance and notify vulnerable facilities within the mapped buffer.,Inspect inlets and obstructions; assess aeration/flow measures under local permits.,Project operational rule; prediction/model scenario requires human review and local legal authorization.
ANT_13,Antwerp,Scheldt_Tributary_North,4940.0,51.232213,4.437733,2739,531,19.4,4.32,0.509,6.91,0.8847,0.3367,0.548,2423.2,922.2,1501.0,469.8,178.8,291.0,2024-08-07,0.1201156888206823,9.4,2,Level_4_Red,Outbreak escalation,Prepare targeted Bti subject to local authorization; verify field evidence before action.,Assess safe hydraulic options; do not impose fixed flow targets without site engineering review.,Project operational rule; prediction/model scenario requires human review and local legal authorization.
ANT_14,Antwerp,Scheldt_Tributary_North,5360.0,51.234483,4.433557,1741,338,19.4,5.81,0.616,3.22,0.0813,0.0732,0.0081,141.5,127.4,14.1,27.5,24.7,2.8,2024-08-07,0.0868849618849618,9.4,2,Level_3_Orange,Enhanced alert,Increase larval/egg surveillance and notify vulnerable facilities within the mapped buffer.,Inspect inlets and obstructions; assess aeration/flow measures under local permits.,Project operational rule; prediction/model scenario requires human review and local legal authorization.
ANT_15,Antwerp,Scheldt_Tributary_North,5710.0,51.236726,4.429676,2931,569,19.4,5.51,0.364,7.22,0.5578,0.2942,0.2636,1634.9,862.3,772.6,317.4,167.4,150.0,2024-09-13,0.1980777182737789,49.4,0,Level_3_Orange,Enhanced alert,Increase larval/egg surveillance and notify vulnerable facilities within the mapped buffer.,Inspect inlets and obstructions; assess aeration/flow measures under local permits.,Project operational rule; prediction/model scenario requires human review and local legal authorization.
ANT_16,Antwerp,Scheldt_Tributary_North,6110.0,51.2395,4.425,2308,448,19.4,5.99,0.543,5.28,0.1791,0.145,0.0341,413.4,334.7,78.7,80.2,65.0,15.2,2024-08-20,0.1320006132147784,3.266666666666667,2,Level_1_Green,Routine,Maintain routine surveillance and public guidance.,Maintain routine monitoring and preventive maintenance.,Project operational rule; prediction/model scenario requires human review and local legal authorization.
ATH_00,Athens,Kifisios_Main_Corridor,0.0,38.074,23.805,4973,1134,22.8,3.8,0.479,6.78,1.0,0.6771,0.3229,4973.0,3367.2,1605.8,1134.0,767.8,366.2,2024-09-08,0.2269203790229577,0.42,4,Level_4_Red,Outbreak escalation,Prepare targeted Bti subject to local authorization; verify field evidence before action.,Assess safe hydraulic options; do not impose fixed flow targets without site engineering review.,Project operational rule; prediction/model scenario requires human review and local legal authorization.
ATH_01,Athens,Kifisios_Main_Corridor,410.0,38.068124,23.801208,4837,1103,22.8,3.97,0.281,6.0,0.9197,0.5363,0.3834,4448.6,2594.1,1854.5,1014.4,591.5,422.9,2024-07-08,0.1865051921106956,9.333333333333334,2,Level_4_Red,Outbreak escalation,Prepare targeted Bti subject to local authorization; verify field evidence before action.,Assess safe hydraulic options; do not impose fixed flow targets without site engineering review.,Project operational rule; prediction/model scenario requires human review and local legal authorization.
ATH_02,Athens,Kifisios_Main_Corridor,800.0,38.062757,23.797354,4905,1118,22.8,2.89,0.206,5.02,0.9678,0.4588,0.509,4747.1,2250.4,2496.7,1082.0,512.9,569.1,2024-07-18,0.2933663166397415,0.0,12,Level_4_Red,Outbreak escalation,Prepare targeted Bti subject to local authorization; verify field evidence before action.,Assess safe hydraulic options; do not impose fixed flow targets without site engineering review.,Project operational rule; prediction/model scenario requires human review and local legal authorization.
ATH_03,Athens,Kifisios_Main_Corridor,1230.0,38.057307,23.792585,3244,740,22.8,4.02,0.512,2.78,0.8016,0.1668,0.6348,2600.4,541.1,2059.3,593.2,123.4,469.8,2024-09-11,0.1933328491538964,7.6,0,Level_4_Red,Outbreak escalation,Prepare targeted Bti subject to local authorization; verify field evidence before action.,Assess safe hydraulic options; do not impose fixed flow targets without site engineering review.,Project operational rule; prediction/model scenario requires human review and local legal authorization.
ATH_04,Athens,Kifisios_Main_Corridor,1580.0,38.053346,23.788175,3531,805,22.8,4.08,0.596,3.58,0.5946,0.1704,0.4242,2099.5,601.7,1497.8,478.7,137.2,341.5,2024-08-12,0.0322825131024817,1.65,1,Level_3_Orange,Enhanced alert,Increase larval/egg surveillance and notify vulnerable facilities within the mapped buffer.,Inspect inlets and obstructions; assess aeration/flow measures under local permits.,Project operational rule; prediction/model scenario requires human review and local legal authorization.
ATH_05,Athens,Kifisios_Main_Corridor,2060.0,38.048683,23.781273,3482,794,22.8,4.35,0.442,4.46,0.672,0.2779,0.3941,2339.9,967.6,1372.3,533.6,220.7,312.9,2024-08-02,0.0780393269048969,0.025,7,Level_3_Orange,Enhanced alert,Increase larval/egg surveillance and notify vulnerable facilities within the mapped buffer.,Inspect inlets and obstructions; assess aeration/flow measures under local permits.,Project operational rule; prediction/model scenario requires human review and local legal authorization.
ATH_06,Athens,Kifisios_Main_Corridor,2420.0,38.045741,23.77548,5317,1212,22.8,4.15,0.298,6.78,1.0,0.6167,0.3833,5317.0,3279.0,2038.0,1212.0,747.4,464.6,2024-07-06,0.1843731313533984,28.0,0,Level_4_Red,Outbreak escalation,Prepare targeted Bti subject to local authorization; verify field evidence before action.,Assess safe hydraulic options; do not impose fixed flow targets without site engineering review.,Project operational rule; prediction/model scenario requires human review and local legal authorization.
ATH_07,Athens,Kifisios_Main_Corridor,2940.0,38.042146,23.766384,4715,1075,22.8,3.71,0.495,6.57,1.0,0.4716,0.5284,4715.0,2223.6,2491.4,1075.0,507.0,568.0,2024-08-24,0.1291780000922041,0.5,2,Level_4_Red,Outbreak escalation,Prepare targeted Bti subject to local authorization; verify field evidence before action.,Assess safe hydraulic options; do not impose fixed flow targets without site engineering review.,Project operational rule; prediction/model scenario requires human review and local legal authorization.
ATH_08,Athens,Kifisios_Main_Corridor,3340.0,38.039681,23.759054,4895,1116,22.8,2.09,0.106,5.87,0.9462,0.3513,0.5949,4631.6,1719.6,2912.0,1056.0,392.1,663.9,2024-07-23,0.2808175088509816,0.0,17,Level_4_Red,Outbreak escalation,Prepare targeted Bti subject to local authorization; verify field evidence before action.,Assess safe hydraulic options; do not impose fixed flow targets without site engineering review.,Project operational rule; prediction/model scenario requires human review and local legal authorization.
ATH_09,Athens,Kifisios_Main_Corridor,3720.0,38.037359,23.752068,2943,671,22.8,5.09,0.598,3.92,0.1712,0.1409,0.0303,503.8,414.7,89.1,114.9,94.5,20.4,2024-08-27,0.1087072649572649,0.2833333333333333,5,Level_2_Yellow,Watch,Increase inspection frequency and community source-reduction messaging.,"Inspect drainage debris, ponding and water-quality sensors.",Project operational rule; prediction/model scenario requires human review and local legal authorization.
ATH_10,Athens,Kifisios_Main_Corridor,4170.0,38.034364,23.744069,4293,979,22.8,4.08,0.311,5.59,0.8325,0.3372,0.4953,3573.9,1447.6,2126.3,815.0,330.1,484.9,2024-08-25,0.2316750781062245,0.375,3,Level_4_Red,Outbreak escalation,Prepare targeted Bti subject to local authorization; verify field evidence before action.,Assess safe hydraulic options; do not impose fixed flow targets without site engineering review.,Project operational rule; prediction/model scenario requires human review and local legal authorization.
ATH_11,Athens,Kifisios_Main_Corridor,4540.0,38.031514,23.737921,3390,773,22.8,3.63,0.703,3.99,0.7808,0.1253,0.6555,2646.9,424.8,2222.1,603.6,96.9,506.7,2024-08-07,0.0290081091376701,2.7,0,Level_4_Red,Outbreak escalation,Prepare targeted Bti subject to local authorization; verify field evidence before action.,Assess safe hydraulic options; do not impose fixed flow targets without site engineering review.,Project operational rule; prediction/model scenario requires human review and local legal authorization.
ATH_12,Athens,Kifisios_Main_Corridor,5030.0,38.027005,23.730596,3560,812,22.8,4.16,0.27,3.99,0.5732,0.2025,0.3707,2040.6,720.9,1319.7,465.4,164.4,301.0,2024-08-10,0.1517614976415094,0.75,3,Level_3_Orange,Enhanced alert,Increase larval/egg surveillance and notify vulnerable facilities within the mapped buffer.,Inspect inlets and obstructions; assess aeration/flow measures under local permits.,Project operational rule; prediction/model scenario requires human review and local legal authorization.
ATH_13,Athens,Kifisios_Main_Corridor,5450.0,38.022405,23.725135,4711,1074,22.8,4.59,0.379,6.49,0.5564,0.3295,0.2269,2621.2,1552.3,1068.9,597.6,353.9,243.7,2024-07-13,0.1863242391411405,0.0,7,Level_3_Orange,Enhanced alert,Increase larval/egg surveillance and notify vulnerable facilities within the mapped buffer.,Inspect inlets and obstructions; assess aeration/flow measures under local permits.,Project operational rule; prediction/model scenario requires human review and local legal authorization.
ATH_14,Athens,Kifisios_Main_Corridor,5840.0,38.017562,23.720699,4070,928,22.8,4.06,0.624,4.46,0.8177,0.3134,0.5043,3328.0,1275.5,2052.5,758.8,290.8,468.0,2024-07-12,0.0802262073710918,0.2142857142857142,6,Level_4_Red,Outbreak escalation,Prepare targeted Bti subject to local authorization; verify field evidence before action.,Assess safe hydraulic options; do not impose fixed flow targets without site engineering review.,Project operational rule; prediction/model scenario requires human review and local legal authorization.
ATH_15,Athens,Kifisios_Main_Corridor,6280.0,38.01158,23.716268,4104,936,22.8,3.97,0.508,3.63,0.9705,0.4582,0.5123,3982.9,1880.5,2102.4,908.4,428.9,479.5,2024-07-10,0.1072879330943847,5.6,4,Level_4_Red,Outbreak escalation,Prepare targeted Bti subject to local authorization; verify field evidence before action.,Assess safe hydraulic options; do not impose fixed flow targets without site engineering review.,Project operational rule; prediction/model scenario requires human review and local legal authorization.
ATH_16,Athens,Kifisios_Main_Corridor,6740.0,38.005,23.712,4429,1010,22.8,3.68,0.634,5.35,0.958,0.3452,0.6128,4243.0,1528.9,2714.1,967.6,348.7,618.9,2024-09-12,0.102297489604874,7.9,0,Level_4_Red,Outbreak escalation,Prepare targeted Bti subject to local authorization; verify field evidence before action.,Assess safe hydraulic options; do not impose fixed flow targets without site engineering review.,Project operational rule; prediction/model scenario requires human review and local legal authorization.
MIL_00,Milan,Seveso_Navigli_Corridor,0.0,45.542,9.191,6444,1553,24.1,4.97,0.074,6.61,0.9282,0.7808,0.1474,5981.3,5031.5,949.8,1441.5,1212.6,228.9,2024-07-18,0.7101063829787235,11.82,4,Level_4_Red,Outbreak escalation,Prepare targeted Bti subject to local authorization; verify field evidence before action.,Assess safe hydraulic options; do not impose fixed flow targets without site engineering review.,Project operational rule; prediction/model scenario requires human review and local legal authorization.
MIL_01,Milan,Seveso_Navigli_Corridor,350.0,45.538557,9.192878,6402,1543,24.1,4.12,0.308,6.25,0.9928,0.6295,0.3633,6355.9,4030.1,2325.8,1531.9,971.3,560.6,2024-09-04,0.2029585922624652,5.3999999999999995,2,Level_4_Red,Outbreak escalation,Prepare targeted Bti subject to local authorization; verify field evidence before action.,Assess safe hydraulic options; do not impose fixed flow targets without site engineering review.,Project operational rule; prediction/model scenario requires human review and local legal authorization.
MIL_02,Milan,Seveso_Navigli_Corridor,730.0,45.53492,9.194753,5323,1283,24.1,4.44,0.517,4.67,0.9676,0.6566,0.311,5150.5,3495.1,1655.4,1241.4,842.4,399.0,2024-08-14,0.0770050626165734,2.557142857142857,6,Level_4_Red,Outbreak escalation,Prepare targeted Bti subject to local authorization; verify field evidence before action.,Assess safe hydraulic options; do not impose fixed flow targets without site engineering review.,Project operational rule; prediction/model scenario requires human review and local legal authorization.
MIL_03,Milan,Seveso_Navigli_Corridor,1150.0,45.531141,9.196442,3949,952,24.1,6.78,0.679,3.26,0.0501,0.0501,0.0,197.8,197.8,0.0,47.7,47.7,0.0,2024-07-07,0.0627478873477958,18.4,0,Level_3_Orange,Enhanced alert,Increase larval/egg surveillance and notify vulnerable facilities within the mapped buffer.,Inspect inlets and obstructions; assess aeration/flow measures under local permits.,Project operational rule; prediction/model scenario requires human review and local legal authorization.
MIL_04,Milan,Seveso_Navigli_Corridor,1540.0,45.527938,9.197521,4871,1174,24.1,4.2,0.405,4.12,0.6297,0.1629,0.4668,3067.3,793.5,2273.8,739.3,191.2,548.1,2024-07-05,0.1385385042972591,33.0,0,Level_3_Orange,Enhanced alert,Increase larval/egg surveillance and notify vulnerable facilities within the mapped buffer.,Inspect inlets and obstructions; assess aeration/flow measures under local permits.,Project operational rule; prediction/model scenario requires human review and local legal authorization.
MIL_05,Milan,Seveso_Navigli_Corridor,2000.0,45.524588,9.198107,5703,1374,24.1,5.26,0.293,5.66,0.4444,0.2846,0.1598,2534.4,1623.1,911.3,610.6,391.0,219.6,2024-09-06,0.1666638416163808,70.5,0,Level_3_Orange,Enhanced alert,Increase larval/egg surveillance and notify vulnerable facilities within the mapped buffer.,Inspect inlets and obstructions; assess aeration/flow measures under local permits.,Project operational rule; prediction/model scenario requires human review and local legal authorization.
MIL_06,Milan,Seveso_Navigli_Corridor,2370.0,45.522219,9.198059,4829,1164,24.1,4.22,0.48,4.43,0.6468,0.1327,0.5141,3123.4,640.8,2482.6,752.9,154.5,598.4,2024-07-17,0.1270657124268054,14.75,3,Level_3_Orange,Enhanced alert,Increase larval/egg surveillance and notify vulnerable facilities within the mapped buffer.,Inspect inlets and obstructions; assess aeration/flow measures under local permits.,Project operational rule; prediction/model scenario requires human review and local legal authorization.
MIL_07,Milan,Seveso_Navigli_Corridor,2870.0,45.519379,9.197414,4202,1013,24.1,4.23,0.396,3.04,0.5242,0.1396,0.3846,2202.7,586.6,1616.1,531.0,141.4,389.6,2024-07-25,0.1044290189815099,0.5,3,Level_3_Orange,Enhanced alert,Increase larval/egg surveillance and notify vulnerable facilities within the mapped buffer.,Inspect inlets and obstructions; assess aeration/flow measures under local permits.,Project operational rule; prediction/model scenario requires human review and local legal authorization.
MIL_08,Milan,Seveso_Navigli_Corridor,3280.0,45.517232,9.196596,5257,1267,24.1,4.41,0.262,3.64,0.7019,0.2163,0.4856,3689.9,1137.1,2552.8,889.3,274.1,615.2,2024-07-02,0.154324055666004,26.9,0,Level_3_Orange,Enhanced alert,Increase larval/egg surveillance and notify vulnerable facilities within the mapped buffer.,Inspect inlets and obstructions; assess aeration/flow measures under local permits.,Project operational rule; prediction/model scenario requires human review and local legal authorization.
MIL_09,Milan,Seveso_Navigli_Corridor,3670.0,45.515207,9.19579,6143,1480,24.1,3.36,0.471,6.98,0.9939,0.5428,0.4511,6105.5,3334.4,2771.1,1471.0,803.3,667.7,2024-08-27,0.1061787887450484,17.0,0,Level_4_Red,Outbreak escalation,Prepare targeted Bti subject to local authorization; verify field evidence before action.,Assess safe hydraulic options; do not impose fixed flow targets without site engineering review.,Project operational rule; prediction/model scenario requires human review and local legal authorization.
MIL_10,Milan,Seveso_Navigli_Corridor,4110.0,45.512787,9.195096,3521,849,24.1,5.02,0.583,2.31,0.1291,0.1098,0.0193,454.6,386.6,68.0,109.6,93.2,16.4,2024-08-10,0.0516214037088749,6.733333333333333,2,Level_3_Orange,Enhanced alert,Increase larval/egg surveillance and notify vulnerable facilities within the mapped buffer.,Inspect inlets and obstructions; assess aeration/flow measures under local permits.,Project operational rule; prediction/model scenario requires human review and local legal authorization.
MIL_11,Milan,Seveso_Navigli_Corridor,4470.0,45.510598,9.194863,5190,1251,24.1,3.36,0.309,5.47,0.9384,0.3094,0.629,4870.3,1605.8,3264.5,1173.9,387.1,786.8,2024-08-14,0.1520400276941407,2.557142857142857,6,Level_4_Red,Outbreak escalation,Prepare targeted Bti subject to local authorization; verify field evidence before action.,Assess safe hydraulic options; do not impose fixed flow targets without site engineering review.,Project operational rule; prediction/model scenario requires human review and local legal authorization.
MIL_12,Milan,Seveso_Navigli_Corridor,4950.0,45.50728,9.19519,4775,1151,24.1,4.12,0.469,4.56,0.8206,0.3066,0.514,3918.4,1464.0,2454.4,944.5,352.9,591.6,2024-09-06,0.1042947192216148,70.5,0,Level_4_Red,Outbreak escalation,Prepare targeted Bti subject to local authorization; verify field evidence before action.,Assess safe hydraulic options; do not impose fixed flow targets without site engineering review.,Project operational rule; prediction/model scenario requires human review and local legal authorization.
MIL_13,Milan,Seveso_Navigli_Corridor,5380.0,45.503879,9.196171,5721,1379,24.1,4.8,0.404,6.89,0.3701,0.1655,0.2046,2117.3,946.8,1170.5,510.4,228.2,282.2,2024-07-02,0.1411746334407258,26.9,0,Level_3_Orange,Enhanced alert,Increase larval/egg surveillance and notify vulnerable facilities within the mapped buffer.,Inspect inlets and obstructions; assess aeration/flow measures under local permits.,Project operational rule; prediction/model scenario requires human review and local legal authorization.
MIL_14,Milan,Seveso_Navigli_Corridor,5780.0,45.500373,9.197631,7161,1726,24.1,3.58,0.183,7.08,1.0,0.6646,0.3354,7161.0,4759.2,2401.8,1726.0,1147.1,578.9,2024-09-01,0.4026939328344877,2.25,5,Level_4_Red,Outbreak escalation,Prepare targeted Bti subject to local authorization; verify field evidence before action.,Assess safe hydraulic options; do not impose fixed flow targets without site engineering review.,Project operational rule; prediction/model scenario requires human review and local legal authorization.
MIL_15,Milan,Seveso_Navigli_Corridor,6230.0,45.496124,9.199759,5655,1363,24.1,3.95,0.542,5.06,0.9373,0.4145,0.5228,5300.4,2344.0,2956.4,1277.5,565.0,712.5,2024-07-27,0.1162877404431458,2.2,1,Level_4_Red,Outbreak escalation,Prepare targeted Bti subject to local authorization; verify field evidence before action.,Assess safe hydraulic options; do not impose fixed flow targets without site engineering review.,Project operational rule; prediction/model scenario requires human review and local legal authorization.
MIL_16,Milan,Seveso_Navigli_Corridor,6650.0,45.492,9.202,6655,1604,24.1,4.05,0.372,6.42,0.9553,0.5941,0.3612,6357.5,3953.7,2403.8,1532.3,952.9,579.4,2024-07-04,0.2643289052833095,32.2,0,Level_4_Red,Outbreak escalation,Prepare targeted Bti subject to local authorization; verify field evidence before action.,Assess safe hydraulic options; do not impose fixed flow targets without site engineering review.,Project operational rule; prediction/model scenario requires human review and local legal authorization.
